dataset,m,rep,classifier,accuracy
motivating,1,0,rf,0.6
motivating,1,0,1nn,0.8
motivating,1,0,linear_svm,0.5
motivating,1,0,rbf_svm,0.5666666666666667
motivating,1,1,rf,0.6
motivating,1,1,1nn,0.6666666666666666
motivating,1,1,linear_svm,0.6
motivating,1,1,rbf_svm,0.5666666666666667
motivating,1,2,rf,0.7666666666666667
motivating,1,2,1nn,0.8333333333333334
motivating,1,2,linear_svm,0.8
motivating,1,2,rbf_svm,0.8333333333333334
motivating,1,3,rf,0.4
motivating,1,3,1nn,0.7333333333333333
motivating,1,3,linear_svm,0.43333333333333335
motivating,1,3,rbf_svm,0.4
motivating,1,4,rf,0.6666666666666666
motivating,1,4,1nn,0.6333333333333333
motivating,1,4,linear_svm,0.7
motivating,1,4,rbf_svm,0.7
motivating,1,5,rf,0.6333333333333333
motivating,1,5,1nn,0.7333333333333333
motivating,1,5,linear_svm,0.6
motivating,1,5,rbf_svm,0.6333333333333333
motivating,1,6,rf,0.9333333333333333
motivating,1,6,1nn,0.9
motivating,1,6,linear_svm,0.6666666666666666
motivating,1,6,rbf_svm,0.6666666666666666
motivating,1,7,rf,0.7666666666666667
motivating,1,7,1nn,0.9333333333333333
motivating,1,7,linear_svm,0.7666666666666667
motivating,1,7,rbf_svm,0.7666666666666667
motivating,1,8,rf,0.6
motivating,1,8,1nn,0.7
motivating,1,8,linear_svm,0.5666666666666667
motivating,1,8,rbf_svm,0.5333333333333333
motivating,1,9,rf,0.4666666666666667
motivating,1,9,1nn,0.6333333333333333
motivating,1,9,linear_svm,0.6333333333333333
motivating,1,9,rbf_svm,0.6666666666666666
motivating,1,10,rf,0.7333333333333333
motivating,1,10,1nn,0.6666666666666666
motivating,1,10,linear_svm,0.7
motivating,1,10,rbf_svm,0.7333333333333333
motivating,1,11,rf,0.7333333333333333
motivating,1,11,1nn,0.8333333333333334
motivating,1,11,linear_svm,0.6
motivating,1,11,rbf_svm,0.7333333333333333
motivating,1,12,rf,0.7666666666666667
motivating,1,12,1nn,0.9
motivating,1,12,linear_svm,0.7666666666666667
motivating,1,12,rbf_svm,0.7666666666666667
motivating,1,13,rf,0.6666666666666666
motivating,1,13,1nn,0.8666666666666667
motivating,1,13,linear_svm,0.6333333333333333
motivating,1,13,rbf_svm,0.6333333333333333
motivating,1,14,rf,0.6333333333333333
motivating,1,14,1nn,0.7666666666666667
motivating,1,14,linear_svm,0.6666666666666666
motivating,1,14,rbf_svm,0.6666666666666666
motivating,1,15,rf,0.7666666666666667
motivating,1,15,1nn,0.6333333333333333
motivating,1,15,linear_svm,0.5
motivating,1,15,rbf_svm,0.7333333333333333
motivating,1,16,rf,0.6666666666666666
motivating,1,16,1nn,0.9333333333333333
motivating,1,16,linear_svm,0.7666666666666667
motivating,1,16,rbf_svm,0.8333333333333334
motivating,1,17,rf,0.6
motivating,1,17,1nn,0.7666666666666667
motivating,1,17,linear_svm,0.6333333333333333
motivating,1,17,rbf_svm,0.6333333333333333
motivating,1,18,rf,0.6333333333333333
motivating,1,18,1nn,0.8
motivating,1,18,linear_svm,0.6
motivating,1,18,rbf_svm,0.7666666666666667
motivating,1,19,rf,0.8
motivating,1,19,1nn,0.8
motivating,1,19,linear_svm,0.7666666666666667
motivating,1,19,rbf_svm,0.8
motivating,1,20,rf,0.6666666666666666
motivating,1,20,1nn,0.6666666666666666
motivating,1,20,linear_svm,0.7
motivating,1,20,rbf_svm,0.7333333333333333
motivating,1,21,rf,0.7333333333333333
motivating,1,21,1nn,0.7666666666666667
motivating,1,21,linear_svm,0.7333333333333333
motivating,1,21,rbf_svm,0.7333333333333333
motivating,1,22,rf,0.6333333333333333
motivating,1,22,1nn,0.7666666666666667
motivating,1,22,linear_svm,0.6666666666666666
motivating,1,22,rbf_svm,0.6
motivating,1,23,rf,0.7666666666666667
motivating,1,23,1nn,0.8
motivating,1,23,linear_svm,0.8666666666666667
motivating,1,23,rbf_svm,0.9
motivating,1,24,rf,0.6
motivating,1,24,1nn,0.7
motivating,1,24,linear_svm,0.7
motivating,1,24,rbf_svm,0.7333333333333333
motivating,1,25,rf,0.5666666666666667
motivating,1,25,1nn,0.6
motivating,1,25,linear_svm,0.7
motivating,1,25,rbf_svm,0.6
motivating,1,26,rf,0.7
motivating,1,26,1nn,0.7
motivating,1,26,linear_svm,0.5666666666666667
motivating,1,26,rbf_svm,0.6666666666666666
motivating,1,27,rf,0.8666666666666667
motivating,1,27,1nn,0.8333333333333334
motivating,1,27,linear_svm,0.7666666666666667
motivating,1,27,rbf_svm,0.7666666666666667
motivating,1,28,rf,0.8333333333333334
motivating,1,28,1nn,0.8333333333333334
motivating,1,28,linear_svm,0.6
motivating,1,28,rbf_svm,0.7
motivating,1,29,rf,0.6333333333333333
motivating,1,29,1nn,0.7
motivating,1,29,linear_svm,0.6333333333333333
motivating,1,29,rbf_svm,0.6333333333333333
motivating,1,30,rf,0.7
motivating,1,30,1nn,0.7666666666666667
motivating,1,30,linear_svm,0.7333333333333333
motivating,1,30,rbf_svm,0.8
motivating,1,31,rf,0.8666666666666667
motivating,1,31,1nn,0.8
motivating,1,31,linear_svm,0.6666666666666666
motivating,1,31,rbf_svm,0.8
motivating,1,32,rf,0.8333333333333334
motivating,1,32,1nn,0.7666666666666667
motivating,1,32,linear_svm,0.8
motivating,1,32,rbf_svm,0.8
motivating,1,33,rf,0.6
motivating,1,33,1nn,0.7
motivating,1,33,linear_svm,0.6
motivating,1,33,rbf_svm,0.6
motivating,1,34,rf,0.8333333333333334
motivating,1,34,1nn,0.8
motivating,1,34,linear_svm,0.9
motivating,1,34,rbf_svm,0.9
motivating,1,35,rf,0.8333333333333334
motivating,1,35,1nn,0.8333333333333334
motivating,1,35,linear_svm,0.7333333333333333
motivating,1,35,rbf_svm,0.7333333333333333
motivating,1,36,rf,0.6666666666666666
motivating,1,36,1nn,0.7
motivating,1,36,linear_svm,0.6666666666666666
motivating,1,36,rbf_svm,0.6
motivating,1,37,rf,0.43333333333333335
motivating,1,37,1nn,0.7666666666666667
motivating,1,37,linear_svm,0.5333333333333333
motivating,1,37,rbf_svm,0.6333333333333333
motivating,1,38,rf,0.6666666666666666
motivating,1,38,1nn,0.7333333333333333
motivating,1,38,linear_svm,0.6
motivating,1,38,rbf_svm,0.7
motivating,1,39,rf,0.9333333333333333
motivating,1,39,1nn,0.9
motivating,1,39,linear_svm,0.6666666666666666
motivating,1,39,rbf_svm,0.6666666666666666
motivating,1,40,rf,0.8333333333333334
motivating,1,40,1nn,0.8666666666666667
motivating,1,40,linear_svm,0.7333333333333333
motivating,1,40,rbf_svm,0.7666666666666667
motivating,1,41,rf,0.6333333333333333
motivating,1,41,1nn,0.7333333333333333
motivating,1,41,linear_svm,0.6666666666666666
motivating,1,41,rbf_svm,0.6333333333333333
motivating,1,42,rf,0.7
motivating,1,42,1nn,0.8333333333333334
motivating,1,42,linear_svm,0.7
motivating,1,42,rbf_svm,0.7
motivating,1,43,rf,0.8
motivating,1,43,1nn,0.7
motivating,1,43,linear_svm,0.8
motivating,1,43,rbf_svm,0.8
motivating,1,44,rf,0.7333333333333333
motivating,1,44,1nn,0.7
motivating,1,44,linear_svm,0.7
motivating,1,44,rbf_svm,0.7
motivating,1,45,rf,0.8
motivating,1,45,1nn,0.7333333333333333
motivating,1,45,linear_svm,0.7333333333333333
motivating,1,45,rbf_svm,0.7333333333333333
motivating,1,46,rf,0.7333333333333333
motivating,1,46,1nn,0.7333333333333333
motivating,1,46,linear_svm,0.5
motivating,1,46,rbf_svm,0.8
motivating,1,47,rf,0.7666666666666667
motivating,1,47,1nn,0.8
motivating,1,47,linear_svm,0.7666666666666667
motivating,1,47,rbf_svm,0.7666666666666667
motivating,1,48,rf,0.6
motivating,1,48,1nn,0.6666666666666666
motivating,1,48,linear_svm,0.6666666666666666
motivating,1,48,rbf_svm,0.6
motivating,1,49,rf,0.7333333333333333
motivating,1,49,1nn,0.8333333333333334
motivating,1,49,linear_svm,0.6333333333333333
motivating,1,49,rbf_svm,0.6333333333333333
motivating,2,0,rf,0.8
motivating,2,0,1nn,0.7333333333333333
motivating,2,0,linear_svm,0.7666666666666667
motivating,2,0,rbf_svm,0.6666666666666666
motivating,2,1,rf,0.6666666666666666
motivating,2,1,1nn,0.7666666666666667
motivating,2,1,linear_svm,0.7
motivating,2,1,rbf_svm,0.7
motivating,2,2,rf,0.8333333333333334
motivating,2,2,1nn,0.8666666666666667
motivating,2,2,linear_svm,0.8333333333333334
motivating,2,2,rbf_svm,0.8666666666666667
motivating,2,3,rf,0.7
motivating,2,3,1nn,0.7333333333333333
motivating,2,3,linear_svm,0.7
motivating,2,3,rbf_svm,0.6333333333333333
motivating,2,4,rf,0.6666666666666666
motivating,2,4,1nn,0.6666666666666666
motivating,2,4,linear_svm,0.7333333333333333
motivating,2,4,rbf_svm,0.6666666666666666
motivating,2,5,rf,0.7333333333333333
motivating,2,5,1nn,0.5333333333333333
motivating,2,5,linear_svm,0.7333333333333333
motivating,2,5,rbf_svm,0.6666666666666666
motivating,2,6,rf,0.7666666666666667
motivating,2,6,1nn,0.8333333333333334
motivating,2,6,linear_svm,0.7666666666666667
motivating,2,6,rbf_svm,0.7333333333333333
motivating,2,7,rf,0.6333333333333333
motivating,2,7,1nn,0.6666666666666666
motivating,2,7,linear_svm,0.8666666666666667
motivating,2,7,rbf_svm,0.6666666666666666
motivating,2,8,rf,0.5333333333333333
motivating,2,8,1nn,0.5666666666666667
motivating,2,8,linear_svm,0.5333333333333333
motivating,2,8,rbf_svm,0.6
motivating,2,9,rf,0.7666666666666667
motivating,2,9,1nn,0.7666666666666667
motivating,2,9,linear_svm,0.7
motivating,2,9,rbf_svm,0.7666666666666667
motivating,2,10,rf,0.7
motivating,2,10,1nn,0.7
motivating,2,10,linear_svm,0.8666666666666667
motivating,2,10,rbf_svm,0.7333333333333333
motivating,2,11,rf,0.7333333333333333
motivating,2,11,1nn,0.7666666666666667
motivating,2,11,linear_svm,0.8
motivating,2,11,rbf_svm,0.8333333333333334
motivating,2,12,rf,0.8
motivating,2,12,1nn,0.7666666666666667
motivating,2,12,linear_svm,0.8
motivating,2,12,rbf_svm,0.8333333333333334
motivating,2,13,rf,0.8666666666666667
motivating,2,13,1nn,0.8666666666666667
motivating,2,13,linear_svm,0.9666666666666667
motivating,2,13,rbf_svm,0.9666666666666667
motivating,2,14,rf,0.6333333333333333
motivating,2,14,1nn,0.6333333333333333
motivating,2,14,linear_svm,0.6
motivating,2,14,rbf_svm,0.6333333333333333
motivating,2,15,rf,0.7333333333333333
motivating,2,15,1nn,0.7
motivating,2,15,linear_svm,0.7333333333333333
motivating,2,15,rbf_svm,0.7
motivating,2,16,rf,0.7
motivating,2,16,1nn,0.7
motivating,2,16,linear_svm,0.6333333333333333
motivating,2,16,rbf_svm,0.6333333333333333
motivating,2,17,rf,0.6
motivating,2,17,1nn,0.6
motivating,2,17,linear_svm,0.5333333333333333
motivating,2,17,rbf_svm,0.5666666666666667
motivating,2,18,rf,0.4666666666666667
motivating,2,18,1nn,0.7666666666666667
motivating,2,18,linear_svm,0.6
motivating,2,18,rbf_svm,0.7333333333333333
motivating,2,19,rf,0.5666666666666667
motivating,2,19,1nn,0.5
motivating,2,19,linear_svm,0.6666666666666666
motivating,2,19,rbf_svm,0.6333333333333333
motivating,2,20,rf,0.7333333333333333
motivating,2,20,1nn,0.7
motivating,2,20,linear_svm,0.7666666666666667
motivating,2,20,rbf_svm,0.7666666666666667
motivating,2,21,rf,0.6
motivating,2,21,1nn,0.7
motivating,2,21,linear_svm,0.7
motivating,2,21,rbf_svm,0.7333333333333333
motivating,2,22,rf,0.8333333333333334
motivating,2,22,1nn,0.8333333333333334
motivating,2,22,linear_svm,0.8666666666666667
motivating,2,22,rbf_svm,0.8333333333333334
motivating,2,23,rf,0.8333333333333334
motivating,2,23,1nn,0.8333333333333334
motivating,2,23,linear_svm,0.8333333333333334
motivating,2,23,rbf_svm,0.8333333333333334
motivating,2,24,rf,0.7666666666666667
motivating,2,24,1nn,0.7666666666666667
motivating,2,24,linear_svm,0.7666666666666667
motivating,2,24,rbf_svm,0.7666666666666667
motivating,2,25,rf,0.7666666666666667
motivating,2,25,1nn,0.8666666666666667
motivating,2,25,linear_svm,0.6666666666666666
motivating,2,25,rbf_svm,0.7
motivating,2,26,rf,0.9
motivating,2,26,1nn,0.8
motivating,2,26,linear_svm,0.9
motivating,2,26,rbf_svm,0.8666666666666667
motivating,2,27,rf,0.7333333333333333
motivating,2,27,1nn,0.7
motivating,2,27,linear_svm,0.7666666666666667
motivating,2,27,rbf_svm,0.8
motivating,2,28,rf,0.7333333333333333
motivating,2,28,1nn,0.7333333333333333
motivating,2,28,linear_svm,0.7666666666666667
motivating,2,28,rbf_svm,0.8
motivating,2,29,rf,0.9
motivating,2,29,1nn,0.8666666666666667
motivating,2,29,linear_svm,0.9
motivating,2,29,rbf_svm,0.9
motivating,2,30,rf,0.8333333333333334
motivating,2,30,1nn,0.8
motivating,2,30,linear_svm,0.7333333333333333
motivating,2,30,rbf_svm,0.7333333333333333
motivating,2,31,rf,0.7333333333333333
motivating,2,31,1nn,0.7
motivating,2,31,linear_svm,0.7666666666666667
motivating,2,31,rbf_svm,0.8333333333333334
motivating,2,32,rf,0.7666666666666667
motivating,2,32,1nn,0.6666666666666666
motivating,2,32,linear_svm,0.7
motivating,2,32,rbf_svm,0.7666666666666667
motivating,2,33,rf,0.7
motivating,2,33,1nn,0.7
motivating,2,33,linear_svm,0.6333333333333333
motivating,2,33,rbf_svm,0.7
motivating,2,34,rf,0.8333333333333334
motivating,2,34,1nn,0.7666666666666667
motivating,2,34,linear_svm,0.8333333333333334
motivating,2,34,rbf_svm,0.7666666666666667
motivating,2,35,rf,0.7333333333333333
motivating,2,35,1nn,0.8
motivating,2,35,linear_svm,0.7666666666666667
motivating,2,35,rbf_svm,0.7666666666666667
motivating,2,36,rf,0.8
motivating,2,36,1nn,0.8333333333333334
motivating,2,36,linear_svm,0.7
motivating,2,36,rbf_svm,0.7666666666666667
motivating,2,37,rf,0.6666666666666666
motivating,2,37,1nn,0.7666666666666667
motivating,2,37,linear_svm,0.6666666666666666
motivating,2,37,rbf_svm,0.7333333333333333
motivating,2,38,rf,0.6333333333333333
motivating,2,38,1nn,0.7666666666666667
motivating,2,38,linear_svm,0.7
motivating,2,38,rbf_svm,0.6
motivating,2,39,rf,0.8
motivating,2,39,1nn,0.7
motivating,2,39,linear_svm,0.7
motivating,2,39,rbf_svm,0.8
motivating,2,40,rf,0.8
motivating,2,40,1nn,0.6333333333333333
motivating,2,40,linear_svm,0.6333333333333333
motivating,2,40,rbf_svm,0.8
motivating,2,41,rf,0.7666666666666667
motivating,2,41,1nn,0.7666666666666667
motivating,2,41,linear_svm,0.7
motivating,2,41,rbf_svm,0.8
motivating,2,42,rf,0.7
motivating,2,42,1nn,0.7
motivating,2,42,linear_svm,0.8333333333333334
motivating,2,42,rbf_svm,0.7666666666666667
motivating,2,43,rf,0.8
motivating,2,43,1nn,0.7666666666666667
motivating,2,43,linear_svm,0.8
motivating,2,43,rbf_svm,0.8333333333333334
motivating,2,44,rf,0.7
motivating,2,44,1nn,0.8
motivating,2,44,linear_svm,0.7
motivating,2,44,rbf_svm,0.7666666666666667
motivating,2,45,rf,0.7
motivating,2,45,1nn,0.6
motivating,2,45,linear_svm,0.7
motivating,2,45,rbf_svm,0.7333333333333333
motivating,2,46,rf,0.7333333333333333
motivating,2,46,1nn,0.7333333333333333
motivating,2,46,linear_svm,0.7
motivating,2,46,rbf_svm,0.6666666666666666
motivating,2,47,rf,0.7666666666666667
motivating,2,47,1nn,0.7666666666666667
motivating,2,47,linear_svm,0.7333333333333333
motivating,2,47,rbf_svm,0.7333333333333333
motivating,2,48,rf,0.5
motivating,2,48,1nn,0.6333333333333333
motivating,2,48,linear_svm,0.6
motivating,2,48,rbf_svm,0.5666666666666667
motivating,2,49,rf,0.7333333333333333
motivating,2,49,1nn,0.8333333333333334
motivating,2,49,linear_svm,0.6333333333333333
motivating,2,49,rbf_svm,0.6333333333333333
motivating,5,0,rf,0.8666666666666667
motivating,5,0,1nn,0.7666666666666667
motivating,5,0,linear_svm,0.8333333333333334
motivating,5,0,rbf_svm,0.9
motivating,5,1,rf,0.9
motivating,5,1,1nn,0.7333333333333333
motivating,5,1,linear_svm,0.9
motivating,5,1,rbf_svm,0.9666666666666667
motivating,5,2,rf,0.8
motivating,5,2,1nn,0.8
motivating,5,2,linear_svm,0.9
motivating,5,2,rbf_svm,0.8333333333333334
motivating,5,3,rf,0.7666666666666667
motivating,5,3,1nn,0.6333333333333333
motivating,5,3,linear_svm,0.8
motivating,5,3,rbf_svm,0.8666666666666667
motivating,5,4,rf,0.7333333333333333
motivating,5,4,1nn,0.8333333333333334
motivating,5,4,linear_svm,0.8333333333333334
motivating,5,4,rbf_svm,0.8666666666666667
motivating,5,5,rf,0.9
motivating,5,5,1nn,0.8666666666666667
motivating,5,5,linear_svm,0.9666666666666667
motivating,5,5,rbf_svm,0.9333333333333333
motivating,5,6,rf,0.7333333333333333
motivating,5,6,1nn,0.7666666666666667
motivating,5,6,linear_svm,0.8
motivating,5,6,rbf_svm,0.7666666666666667
motivating,5,7,rf,0.7666666666666667
motivating,5,7,1nn,0.6666666666666666
motivating,5,7,linear_svm,0.7666666666666667
motivating,5,7,rbf_svm,0.7333333333333333
motivating,5,8,rf,0.9
motivating,5,8,1nn,0.8333333333333334
motivating,5,8,linear_svm,0.9
motivating,5,8,rbf_svm,0.8666666666666667
motivating,5,9,rf,0.7333333333333333
motivating,5,9,1nn,0.6666666666666666
motivating,5,9,linear_svm,0.6666666666666666
motivating,5,9,rbf_svm,0.7666666666666667
motivating,5,10,rf,0.8
motivating,5,10,1nn,0.6666666666666666
motivating,5,10,linear_svm,0.7666666666666667
motivating,5,10,rbf_svm,0.7
motivating,5,11,rf,0.7333333333333333
motivating,5,11,1nn,0.7666666666666667
motivating,5,11,linear_svm,0.8666666666666667
motivating,5,11,rbf_svm,0.8666666666666667
motivating,5,12,rf,0.7333333333333333
motivating,5,12,1nn,0.7666666666666667
motivating,5,12,linear_svm,0.8333333333333334
motivating,5,12,rbf_svm,0.7666666666666667
motivating,5,13,rf,0.6666666666666666
motivating,5,13,1nn,0.8
motivating,5,13,linear_svm,0.7666666666666667
motivating,5,13,rbf_svm,0.6333333333333333
motivating,5,14,rf,0.8666666666666667
motivating,5,14,1nn,0.9333333333333333
motivating,5,14,linear_svm,0.8333333333333334
motivating,5,14,rbf_svm,0.8333333333333334
motivating,5,15,rf,0.6333333333333333
motivating,5,15,1nn,0.6
motivating,5,15,linear_svm,0.6666666666666666
motivating,5,15,rbf_svm,0.7
motivating,5,16,rf,0.7333333333333333
motivating,5,16,1nn,0.6666666666666666
motivating,5,16,linear_svm,0.8666666666666667
motivating,5,16,rbf_svm,0.8
motivating,5,17,rf,0.8333333333333334
motivating,5,17,1nn,0.7
motivating,5,17,linear_svm,0.9
motivating,5,17,rbf_svm,0.9
motivating,5,18,rf,0.5
motivating,5,18,1nn,0.6333333333333333
motivating,5,18,linear_svm,0.7666666666666667
motivating,5,18,rbf_svm,0.7666666666666667
motivating,5,19,rf,0.7666666666666667
motivating,5,19,1nn,0.7666666666666667
motivating,5,19,linear_svm,0.7666666666666667
motivating,5,19,rbf_svm,0.7666666666666667
motivating,5,20,rf,0.8333333333333334
motivating,5,20,1nn,0.7333333333333333
motivating,5,20,linear_svm,0.8666666666666667
motivating,5,20,rbf_svm,0.8
motivating,5,21,rf,0.7666666666666667
motivating,5,21,1nn,0.7
motivating,5,21,linear_svm,0.8333333333333334
motivating,5,21,rbf_svm,0.7666666666666667
motivating,5,22,rf,0.7666666666666667
motivating,5,22,1nn,0.8
motivating,5,22,linear_svm,0.7333333333333333
motivating,5,22,rbf_svm,0.7333333333333333
motivating,5,23,rf,0.9
motivating,5,23,1nn,0.8
motivating,5,23,linear_svm,0.9
motivating,5,23,rbf_svm,0.9333333333333333
motivating,5,24,rf,0.9
motivating,5,24,1nn,0.9666666666666667
motivating,5,24,linear_svm,0.8666666666666667
motivating,5,24,rbf_svm,0.9
motivating,5,25,rf,0.8
motivating,5,25,1nn,0.7333333333333333
motivating,5,25,linear_svm,0.8333333333333334
motivating,5,25,rbf_svm,0.8666666666666667
motivating,5,26,rf,0.8666666666666667
motivating,5,26,1nn,0.7666666666666667
motivating,5,26,linear_svm,0.8666666666666667
motivating,5,26,rbf_svm,0.9333333333333333
motivating,5,27,rf,0.8333333333333334
motivating,5,27,1nn,0.8
motivating,5,27,linear_svm,0.9
motivating,5,27,rbf_svm,0.8666666666666667
motivating,5,28,rf,0.7333333333333333
motivating,5,28,1nn,0.8666666666666667
motivating,5,28,linear_svm,0.9
motivating,5,28,rbf_svm,0.9
motivating,5,29,rf,0.6333333333333333
motivating,5,29,1nn,0.5333333333333333
motivating,5,29,linear_svm,0.8333333333333334
motivating,5,29,rbf_svm,0.7666666666666667
motivating,5,30,rf,0.8333333333333334
motivating,5,30,1nn,0.8
motivating,5,30,linear_svm,0.8666666666666667
motivating,5,30,rbf_svm,0.9
motivating,5,31,rf,0.8333333333333334
motivating,5,31,1nn,0.7
motivating,5,31,linear_svm,0.7
motivating,5,31,rbf_svm,0.7666666666666667
motivating,5,32,rf,0.6666666666666666
motivating,5,32,1nn,0.7
motivating,5,32,linear_svm,0.8
motivating,5,32,rbf_svm,0.7333333333333333
motivating,5,33,rf,0.8666666666666667
motivating,5,33,1nn,0.6666666666666666
motivating,5,33,linear_svm,0.9
motivating,5,33,rbf_svm,0.8666666666666667
motivating,5,34,rf,0.7666666666666667
motivating,5,34,1nn,0.8666666666666667
motivating,5,34,linear_svm,0.8666666666666667
motivating,5,34,rbf_svm,0.8666666666666667
motivating,5,35,rf,0.7666666666666667
motivating,5,35,1nn,0.6666666666666666
motivating,5,35,linear_svm,0.7666666666666667
motivating,5,35,rbf_svm,0.7666666666666667
motivating,5,36,rf,0.6666666666666666
motivating,5,36,1nn,0.7666666666666667
motivating,5,36,linear_svm,0.7333333333333333
motivating,5,36,rbf_svm,0.6666666666666666
motivating,5,37,rf,0.8
motivating,5,37,1nn,0.6666666666666666
motivating,5,37,linear_svm,0.6666666666666666
motivating,5,37,rbf_svm,0.7333333333333333
motivating,5,38,rf,0.8666666666666667
motivating,5,38,1nn,0.8333333333333334
motivating,5,38,linear_svm,0.9333333333333333
motivating,5,38,rbf_svm,0.9
motivating,5,39,rf,0.7333333333333333
motivating,5,39,1nn,0.7
motivating,5,39,linear_svm,0.7333333333333333
motivating,5,39,rbf_svm,0.7333333333333333
motivating,5,40,rf,0.8333333333333334
motivating,5,40,1nn,0.8666666666666667
motivating,5,40,linear_svm,0.8333333333333334
motivating,5,40,rbf_svm,0.8333333333333334
motivating,5,41,rf,0.8666666666666667
motivating,5,41,1nn,0.7333333333333333
motivating,5,41,linear_svm,0.9333333333333333
motivating,5,41,rbf_svm,0.9333333333333333
motivating,5,42,rf,0.8333333333333334
motivating,5,42,1nn,0.7666666666666667
motivating,5,42,linear_svm,0.9
motivating,5,42,rbf_svm,0.8666666666666667
motivating,5,43,rf,0.8333333333333334
motivating,5,43,1nn,0.7333333333333333
motivating,5,43,linear_svm,0.8666666666666667
motivating,5,43,rbf_svm,0.8333333333333334
motivating,5,44,rf,0.8666666666666667
motivating,5,44,1nn,0.8
motivating,5,44,linear_svm,0.8666666666666667
motivating,5,44,rbf_svm,0.9
motivating,5,45,rf,0.7333333333333333
motivating,5,45,1nn,0.8
motivating,5,45,linear_svm,0.8666666666666667
motivating,5,45,rbf_svm,0.8333333333333334
motivating,5,46,rf,0.6666666666666666
motivating,5,46,1nn,0.5666666666666667
motivating,5,46,linear_svm,0.6333333333333333
motivating,5,46,rbf_svm,0.5666666666666667
motivating,5,47,rf,0.7
motivating,5,47,1nn,0.8
motivating,5,47,linear_svm,0.8
motivating,5,47,rbf_svm,0.8333333333333334
motivating,5,48,rf,0.7333333333333333
motivating,5,48,1nn,0.8
motivating,5,48,linear_svm,0.7
motivating,5,48,rbf_svm,0.7666666666666667
motivating,5,49,rf,0.8
motivating,5,49,1nn,0.8333333333333334
motivating,5,49,linear_svm,0.8333333333333334
motivating,5,49,rbf_svm,0.8333333333333334
motivating,10,0,rf,0.7
motivating,10,0,1nn,0.8
motivating,10,0,linear_svm,0.8666666666666667
motivating,10,0,rbf_svm,0.8666666666666667
motivating,10,1,rf,0.7333333333333333
motivating,10,1,1nn,0.8
motivating,10,1,linear_svm,0.8
motivating,10,1,rbf_svm,0.8666666666666667
motivating,10,2,rf,0.9
motivating,10,2,1nn,0.7
motivating,10,2,linear_svm,0.9333333333333333
motivating,10,2,rbf_svm,0.9333333333333333
motivating,10,3,rf,0.8
motivating,10,3,1nn,0.6666666666666666
motivating,10,3,linear_svm,0.8
motivating,10,3,rbf_svm,0.7666666666666667
motivating,10,4,rf,0.7333333333333333
motivating,10,4,1nn,0.8
motivating,10,4,linear_svm,0.7666666666666667
motivating,10,4,rbf_svm,0.7666666666666667
motivating,10,5,rf,0.5333333333333333
motivating,10,5,1nn,0.4666666666666667
motivating,10,5,linear_svm,0.8333333333333334
motivating,10,5,rbf_svm,0.8
motivating,10,6,rf,0.8
motivating,10,6,1nn,0.7
motivating,10,6,linear_svm,0.8
motivating,10,6,rbf_svm,0.7666666666666667
motivating,10,7,rf,0.8666666666666667
motivating,10,7,1nn,0.8333333333333334
motivating,10,7,linear_svm,0.8666666666666667
motivating,10,7,rbf_svm,0.8333333333333334
motivating,10,8,rf,0.8
motivating,10,8,1nn,0.7666666666666667
motivating,10,8,linear_svm,0.7333333333333333
motivating,10,8,rbf_svm,0.7
motivating,10,9,rf,0.9
motivating,10,9,1nn,0.7666666666666667
motivating,10,9,linear_svm,0.8
motivating,10,9,rbf_svm,0.8333333333333334
motivating,10,10,rf,0.8333333333333334
motivating,10,10,1nn,0.8
motivating,10,10,linear_svm,0.8
motivating,10,10,rbf_svm,0.8
motivating,10,11,rf,0.8
motivating,10,11,1nn,0.7666666666666667
motivating,10,11,linear_svm,0.8
motivating,10,11,rbf_svm,0.8
motivating,10,12,rf,0.9666666666666667
motivating,10,12,1nn,0.9
motivating,10,12,linear_svm,0.9333333333333333
motivating,10,12,rbf_svm,0.9333333333333333
motivating,10,13,rf,0.9333333333333333
motivating,10,13,1nn,0.8
motivating,10,13,linear_svm,0.9
motivating,10,13,rbf_svm,0.9333333333333333
motivating,10,14,rf,0.8666666666666667
motivating,10,14,1nn,0.8
motivating,10,14,linear_svm,0.8666666666666667
motivating,10,14,rbf_svm,0.8333333333333334
motivating,10,15,rf,0.7333333333333333
motivating,10,15,1nn,0.6333333333333333
motivating,10,15,linear_svm,0.7333333333333333
motivating,10,15,rbf_svm,0.6333333333333333
motivating,10,16,rf,0.8333333333333334
motivating,10,16,1nn,0.7666666666666667
motivating,10,16,linear_svm,0.8666666666666667
motivating,10,16,rbf_svm,0.8333333333333334
motivating,10,17,rf,0.8666666666666667
motivating,10,17,1nn,0.8
motivating,10,17,linear_svm,0.8
motivating,10,17,rbf_svm,0.8
motivating,10,18,rf,0.7
motivating,10,18,1nn,0.7666666666666667
motivating,10,18,linear_svm,0.7333333333333333
motivating,10,18,rbf_svm,0.8333333333333334
motivating,10,19,rf,0.7666666666666667
motivating,10,19,1nn,0.8333333333333334
motivating,10,19,linear_svm,0.8333333333333334
motivating,10,19,rbf_svm,0.8666666666666667
motivating,10,20,rf,0.7
motivating,10,20,1nn,0.6
motivating,10,20,linear_svm,0.8333333333333334
motivating,10,20,rbf_svm,0.8
motivating,10,21,rf,0.8
motivating,10,21,1nn,0.8
motivating,10,21,linear_svm,0.8
motivating,10,21,rbf_svm,0.8333333333333334
motivating,10,22,rf,0.7
motivating,10,22,1nn,0.7333333333333333
motivating,10,22,linear_svm,0.7333333333333333
motivating,10,22,rbf_svm,0.7333333333333333
motivating,10,23,rf,0.7333333333333333
motivating,10,23,1nn,0.6666666666666666
motivating,10,23,linear_svm,0.7666666666666667
motivating,10,23,rbf_svm,0.7333333333333333
motivating,10,24,rf,0.8
motivating,10,24,1nn,0.7333333333333333
motivating,10,24,linear_svm,0.8333333333333334
motivating,10,24,rbf_svm,0.7666666666666667
motivating,10,25,rf,0.7666666666666667
motivating,10,25,1nn,0.8
motivating,10,25,linear_svm,0.8333333333333334
motivating,10,25,rbf_svm,0.7666666666666667
motivating,10,26,rf,0.6
motivating,10,26,1nn,0.7
motivating,10,26,linear_svm,0.7
motivating,10,26,rbf_svm,0.7
motivating,10,27,rf,0.8666666666666667
motivating,10,27,1nn,0.6
motivating,10,27,linear_svm,0.8333333333333334
motivating,10,27,rbf_svm,0.8666666666666667
motivating,10,28,rf,0.6666666666666666
motivating,10,28,1nn,0.8333333333333334
motivating,10,28,linear_svm,0.7666666666666667
motivating,10,28,rbf_svm,0.8
motivating,10,29,rf,0.8
motivating,10,29,1nn,0.7666666666666667
motivating,10,29,linear_svm,0.8333333333333334
motivating,10,29,rbf_svm,0.8666666666666667
motivating,10,30,rf,0.9666666666666667
motivating,10,30,1nn,0.8666666666666667
motivating,10,30,linear_svm,0.9
motivating,10,30,rbf_svm,0.9666666666666667
motivating,10,31,rf,0.8666666666666667
motivating,10,31,1nn,0.7
motivating,10,31,linear_svm,0.8666666666666667
motivating,10,31,rbf_svm,0.9
motivating,10,32,rf,0.8666666666666667
motivating,10,32,1nn,0.8666666666666667
motivating,10,32,linear_svm,0.9
motivating,10,32,rbf_svm,0.9
motivating,10,33,rf,0.7666666666666667
motivating,10,33,1nn,0.7
motivating,10,33,linear_svm,0.8333333333333334
motivating,10,33,rbf_svm,0.8
motivating,10,34,rf,0.8333333333333334
motivating,10,34,1nn,0.9333333333333333
motivating,10,34,linear_svm,0.8666666666666667
motivating,10,34,rbf_svm,0.8333333333333334
motivating,10,35,rf,0.7666666666666667
motivating,10,35,1nn,0.8
motivating,10,35,linear_svm,0.8666666666666667
motivating,10,35,rbf_svm,0.9
motivating,10,36,rf,0.9666666666666667
motivating,10,36,1nn,0.8
motivating,10,36,linear_svm,0.8333333333333334
motivating,10,36,rbf_svm,0.9333333333333333
motivating,10,37,rf,0.8333333333333334
motivating,10,37,1nn,0.6666666666666666
motivating,10,37,linear_svm,0.8333333333333334
motivating,10,37,rbf_svm,0.7666666666666667
motivating,10,38,rf,0.9333333333333333
motivating,10,38,1nn,0.8333333333333334
motivating,10,38,linear_svm,0.8333333333333334
motivating,10,38,rbf_svm,0.9
motivating,10,39,rf,0.7333333333333333
motivating,10,39,1nn,0.9
motivating,10,39,linear_svm,0.8666666666666667
motivating,10,39,rbf_svm,0.9
motivating,10,40,rf,0.7333333333333333
motivating,10,40,1nn,0.6333333333333333
motivating,10,40,linear_svm,0.6666666666666666
motivating,10,40,rbf_svm,0.7
motivating,10,41,rf,0.8
motivating,10,41,1nn,0.8333333333333334
motivating,10,41,linear_svm,0.8333333333333334
motivating,10,41,rbf_svm,0.8666666666666667
motivating,10,42,rf,0.8666666666666667
motivating,10,42,1nn,0.8
motivating,10,42,linear_svm,0.9
motivating,10,42,rbf_svm,0.8666666666666667
motivating,10,43,rf,0.9
motivating,10,43,1nn,0.8
motivating,10,43,linear_svm,0.9333333333333333
motivating,10,43,rbf_svm,0.8333333333333334
motivating,10,44,rf,0.7
motivating,10,44,1nn,0.6666666666666666
motivating,10,44,linear_svm,0.8333333333333334
motivating,10,44,rbf_svm,0.7333333333333333
motivating,10,45,rf,0.9333333333333333
motivating,10,45,1nn,0.8
motivating,10,45,linear_svm,0.9333333333333333
motivating,10,45,rbf_svm,0.9333333333333333
motivating,10,46,rf,0.7666666666666667
motivating,10,46,1nn,0.6333333333333333
motivating,10,46,linear_svm,0.9
motivating,10,46,rbf_svm,0.7666666666666667
motivating,10,47,rf,0.8666666666666667
motivating,10,47,1nn,0.8
motivating,10,47,linear_svm,0.9333333333333333
motivating,10,47,rbf_svm,0.9
motivating,10,48,rf,0.8
motivating,10,48,1nn,0.8
motivating,10,48,linear_svm,0.8333333333333334
motivating,10,48,rbf_svm,0.8333333333333334
motivating,10,49,rf,0.7666666666666667
motivating,10,49,1nn,0.8333333333333334
motivating,10,49,linear_svm,0.8333333333333334
motivating,10,49,rbf_svm,0.8333333333333334
motivating,25,0,rf,0.7666666666666667
motivating,25,0,1nn,0.8
motivating,25,0,linear_svm,0.7666666666666667
motivating,25,0,rbf_svm,0.7333333333333333
motivating,25,1,rf,0.9
motivating,25,1,1nn,0.8
motivating,25,1,linear_svm,0.9333333333333333
motivating,25,1,rbf_svm,0.9333333333333333
motivating,25,2,rf,0.9
motivating,25,2,1nn,0.8
motivating,25,2,linear_svm,0.9
motivating,25,2,rbf_svm,0.9
motivating,25,3,rf,0.8333333333333334
motivating,25,3,1nn,0.8666666666666667
motivating,25,3,linear_svm,0.8333333333333334
motivating,25,3,rbf_svm,0.8666666666666667
motivating,25,4,rf,0.9333333333333333
motivating,25,4,1nn,0.8333333333333334
motivating,25,4,linear_svm,0.9
motivating,25,4,rbf_svm,0.9333333333333333
motivating,25,5,rf,0.8
motivating,25,5,1nn,0.8
motivating,25,5,linear_svm,0.8
motivating,25,5,rbf_svm,0.8333333333333334
motivating,25,6,rf,0.9
motivating,25,6,1nn,0.8333333333333334
motivating,25,6,linear_svm,0.9333333333333333
motivating,25,6,rbf_svm,0.9333333333333333
motivating,25,7,rf,0.8333333333333334
motivating,25,7,1nn,0.8
motivating,25,7,linear_svm,0.8666666666666667
motivating,25,7,rbf_svm,0.8666666666666667
motivating,25,8,rf,0.8333333333333334
motivating,25,8,1nn,0.8
motivating,25,8,linear_svm,0.8666666666666667
motivating,25,8,rbf_svm,0.8666666666666667
motivating,25,9,rf,0.9666666666666667
motivating,25,9,1nn,0.9
motivating,25,9,linear_svm,0.9333333333333333
motivating,25,9,rbf_svm,0.8333333333333334
motivating,25,10,rf,0.8666666666666667
motivating,25,10,1nn,0.8333333333333334
motivating,25,10,linear_svm,0.8666666666666667
motivating,25,10,rbf_svm,0.8666666666666667
motivating,25,11,rf,0.9
motivating,25,11,1nn,0.9
motivating,25,11,linear_svm,0.9
motivating,25,11,rbf_svm,0.9
motivating,25,12,rf,0.9
motivating,25,12,1nn,0.8333333333333334
motivating,25,12,linear_svm,0.8333333333333334
motivating,25,12,rbf_svm,0.8333333333333334
motivating,25,13,rf,0.8
motivating,25,13,1nn,0.8
motivating,25,13,linear_svm,0.7666666666666667
motivating,25,13,rbf_svm,0.8333333333333334
motivating,25,14,rf,0.8
motivating,25,14,1nn,0.8333333333333334
motivating,25,14,linear_svm,0.8333333333333334
motivating,25,14,rbf_svm,0.8333333333333334
motivating,25,15,rf,0.9
motivating,25,15,1nn,0.8
motivating,25,15,linear_svm,0.9
motivating,25,15,rbf_svm,0.9
motivating,25,16,rf,0.9333333333333333
motivating,25,16,1nn,0.9666666666666667
motivating,25,16,linear_svm,0.9333333333333333
motivating,25,16,rbf_svm,0.9333333333333333
motivating,25,17,rf,0.9
motivating,25,17,1nn,0.9
motivating,25,17,linear_svm,0.8333333333333334
motivating,25,17,rbf_svm,0.9
motivating,25,18,rf,0.9
motivating,25,18,1nn,0.8666666666666667
motivating,25,18,linear_svm,0.8666666666666667
motivating,25,18,rbf_svm,0.9333333333333333
motivating,25,19,rf,0.8666666666666667
motivating,25,19,1nn,0.8666666666666667
motivating,25,19,linear_svm,0.9
motivating,25,19,rbf_svm,0.9
motivating,25,20,rf,0.9333333333333333
motivating,25,20,1nn,0.8666666666666667
motivating,25,20,linear_svm,0.9333333333333333
motivating,25,20,rbf_svm,0.9333333333333333
motivating,25,21,rf,0.8333333333333334
motivating,25,21,1nn,0.7666666666666667
motivating,25,21,linear_svm,0.9333333333333333
motivating,25,21,rbf_svm,0.9333333333333333
motivating,25,22,rf,0.8333333333333334
motivating,25,22,1nn,0.8666666666666667
motivating,25,22,linear_svm,0.9
motivating,25,22,rbf_svm,0.8666666666666667
motivating,25,23,rf,0.7666666666666667
motivating,25,23,1nn,0.8333333333333334
motivating,25,23,linear_svm,0.8333333333333334
motivating,25,23,rbf_svm,0.9333333333333333
motivating,25,24,rf,0.9333333333333333
motivating,25,24,1nn,0.8333333333333334
motivating,25,24,linear_svm,0.9666666666666667
motivating,25,24,rbf_svm,0.9
motivating,25,25,rf,0.9
motivating,25,25,1nn,0.6333333333333333
motivating,25,25,linear_svm,0.9
motivating,25,25,rbf_svm,0.9
motivating,25,26,rf,0.8666666666666667
motivating,25,26,1nn,0.8333333333333334
motivating,25,26,linear_svm,0.9333333333333333
motivating,25,26,rbf_svm,0.9333333333333333
motivating,25,27,rf,0.8
motivating,25,27,1nn,0.7666666666666667
motivating,25,27,linear_svm,0.7666666666666667
motivating,25,27,rbf_svm,0.8
motivating,25,28,rf,0.9
motivating,25,28,1nn,0.7666666666666667
motivating,25,28,linear_svm,0.8333333333333334
motivating,25,28,rbf_svm,0.8666666666666667
motivating,25,29,rf,0.7333333333333333
motivating,25,29,1nn,0.6333333333333333
motivating,25,29,linear_svm,0.8
motivating,25,29,rbf_svm,0.8
motivating,25,30,rf,0.8666666666666667
motivating,25,30,1nn,0.9
motivating,25,30,linear_svm,0.8666666666666667
motivating,25,30,rbf_svm,0.9333333333333333
motivating,25,31,rf,0.8333333333333334
motivating,25,31,1nn,0.8333333333333334
motivating,25,31,linear_svm,0.8
motivating,25,31,rbf_svm,0.7666666666666667
motivating,25,32,rf,0.9333333333333333
motivating,25,32,1nn,0.8
motivating,25,32,linear_svm,0.8666666666666667
motivating,25,32,rbf_svm,0.9
motivating,25,33,rf,0.8333333333333334
motivating,25,33,1nn,0.8666666666666667
motivating,25,33,linear_svm,0.9333333333333333
motivating,25,33,rbf_svm,0.8666666666666667
motivating,25,34,rf,0.8333333333333334
motivating,25,34,1nn,0.7333333333333333
motivating,25,34,linear_svm,0.9
motivating,25,34,rbf_svm,0.9
motivating,25,35,rf,0.9333333333333333
motivating,25,35,1nn,0.9
motivating,25,35,linear_svm,0.9333333333333333
motivating,25,35,rbf_svm,0.9666666666666667
motivating,25,36,rf,0.9
motivating,25,36,1nn,0.8666666666666667
motivating,25,36,linear_svm,0.9666666666666667
motivating,25,36,rbf_svm,0.9666666666666667
motivating,25,37,rf,0.8666666666666667
motivating,25,37,1nn,0.7
motivating,25,37,linear_svm,0.9
motivating,25,37,rbf_svm,0.9
motivating,25,38,rf,0.8333333333333334
motivating,25,38,1nn,0.8333333333333334
motivating,25,38,linear_svm,0.9
motivating,25,38,rbf_svm,0.8666666666666667
motivating,25,39,rf,0.7666666666666667
motivating,25,39,1nn,0.8333333333333334
motivating,25,39,linear_svm,0.8
motivating,25,39,rbf_svm,0.8333333333333334
motivating,25,40,rf,0.8666666666666667
motivating,25,40,1nn,0.8666666666666667
motivating,25,40,linear_svm,0.9333333333333333
motivating,25,40,rbf_svm,0.9
motivating,25,41,rf,0.9
motivating,25,41,1nn,0.8666666666666667
motivating,25,41,linear_svm,0.9333333333333333
motivating,25,41,rbf_svm,0.9333333333333333
motivating,25,42,rf,0.8333333333333334
motivating,25,42,1nn,0.7
motivating,25,42,linear_svm,0.8666666666666667
motivating,25,42,rbf_svm,0.8666666666666667
motivating,25,43,rf,0.9
motivating,25,43,1nn,0.8666666666666667
motivating,25,43,linear_svm,0.9
motivating,25,43,rbf_svm,0.9333333333333333
motivating,25,44,rf,0.8666666666666667
motivating,25,44,1nn,0.7666666666666667
motivating,25,44,linear_svm,0.8666666666666667
motivating,25,44,rbf_svm,0.8333333333333334
motivating,25,45,rf,0.7333333333333333
motivating,25,45,1nn,0.7
motivating,25,45,linear_svm,0.7333333333333333
motivating,25,45,rbf_svm,0.7666666666666667
motivating,25,46,rf,0.9333333333333333
motivating,25,46,1nn,0.8666666666666667
motivating,25,46,linear_svm,0.8666666666666667
motivating,25,46,rbf_svm,0.9
motivating,25,47,rf,0.7333333333333333
motivating,25,47,1nn,0.7333333333333333
motivating,25,47,linear_svm,0.8666666666666667
motivating,25,47,rbf_svm,0.8666666666666667
motivating,25,48,rf,0.7666666666666667
motivating,25,48,1nn,0.8666666666666667
motivating,25,48,linear_svm,0.8666666666666667
motivating,25,48,rbf_svm,0.8333333333333334
motivating,25,49,rf,0.8333333333333334
motivating,25,49,1nn,0.8
motivating,25,49,linear_svm,0.9
motivating,25,49,rbf_svm,0.9
motivating,50,0,rf,0.8666666666666667
motivating,50,0,1nn,0.8333333333333334
motivating,50,0,linear_svm,0.8333333333333334
motivating,50,0,rbf_svm,0.8333333333333334
motivating,50,1,rf,0.8666666666666667
motivating,50,1,1nn,0.9
motivating,50,1,linear_svm,0.9
motivating,50,1,rbf_svm,0.9
motivating,50,2,rf,0.9
motivating,50,2,1nn,0.8333333333333334
motivating,50,2,linear_svm,0.8333333333333334
motivating,50,2,rbf_svm,0.8666666666666667
motivating,50,3,rf,0.8
motivating,50,3,1nn,0.7666666666666667
motivating,50,3,linear_svm,0.8
motivating,50,3,rbf_svm,0.8
motivating,50,4,rf,0.8333333333333334
motivating,50,4,1nn,0.8
motivating,50,4,linear_svm,0.8666666666666667
motivating,50,4,rbf_svm,0.8333333333333334
motivating,50,5,rf,0.9
motivating,50,5,1nn,0.8333333333333334
motivating,50,5,linear_svm,0.9
motivating,50,5,rbf_svm,0.9
motivating,50,6,rf,0.9333333333333333
motivating,50,6,1nn,0.9666666666666667
motivating,50,6,linear_svm,0.9666666666666667
motivating,50,6,rbf_svm,1.0
motivating,50,7,rf,0.8666666666666667
motivating,50,7,1nn,0.8666666666666667
motivating,50,7,linear_svm,0.8333333333333334
motivating,50,7,rbf_svm,0.8666666666666667
motivating,50,8,rf,0.8666666666666667
motivating,50,8,1nn,0.8666666666666667
motivating,50,8,linear_svm,0.9666666666666667
motivating,50,8,rbf_svm,1.0
motivating,50,9,rf,0.9
motivating,50,9,1nn,0.8666666666666667
motivating,50,9,linear_svm,0.9
motivating,50,9,rbf_svm,0.8666666666666667
motivating,50,10,rf,0.7666666666666667
motivating,50,10,1nn,0.8333333333333334
motivating,50,10,linear_svm,0.8333333333333334
motivating,50,10,rbf_svm,0.8666666666666667
motivating,50,11,rf,0.9
motivating,50,11,1nn,0.8666666666666667
motivating,50,11,linear_svm,0.8333333333333334
motivating,50,11,rbf_svm,0.8666666666666667
motivating,50,12,rf,0.8333333333333334
motivating,50,12,1nn,0.8
motivating,50,12,linear_svm,0.8333333333333334
motivating,50,12,rbf_svm,0.8666666666666667
motivating,50,13,rf,0.8333333333333334
motivating,50,13,1nn,0.7666666666666667
motivating,50,13,linear_svm,0.8666666666666667
motivating,50,13,rbf_svm,0.9333333333333333
motivating,50,14,rf,1.0
motivating,50,14,1nn,0.8666666666666667
motivating,50,14,linear_svm,0.9666666666666667
motivating,50,14,rbf_svm,0.9333333333333333
motivating,50,15,rf,0.9666666666666667
motivating,50,15,1nn,0.8666666666666667
motivating,50,15,linear_svm,0.9
motivating,50,15,rbf_svm,0.8666666666666667
motivating,50,16,rf,0.8
motivating,50,16,1nn,0.8
motivating,50,16,linear_svm,0.8
motivating,50,16,rbf_svm,0.7666666666666667
motivating,50,17,rf,0.8666666666666667
motivating,50,17,1nn,0.9333333333333333
motivating,50,17,linear_svm,0.8666666666666667
motivating,50,17,rbf_svm,0.8666666666666667
motivating,50,18,rf,0.8666666666666667
motivating,50,18,1nn,0.8333333333333334
motivating,50,18,linear_svm,0.8666666666666667
motivating,50,18,rbf_svm,0.8666666666666667
motivating,50,19,rf,0.8333333333333334
motivating,50,19,1nn,0.8333333333333334
motivating,50,19,linear_svm,0.9
motivating,50,19,rbf_svm,0.8666666666666667
motivating,50,20,rf,0.8
motivating,50,20,1nn,0.7333333333333333
motivating,50,20,linear_svm,0.8666666666666667
motivating,50,20,rbf_svm,0.8333333333333334
motivating,50,21,rf,0.9
motivating,50,21,1nn,0.9333333333333333
motivating,50,21,linear_svm,0.9
motivating,50,21,rbf_svm,0.9666666666666667
motivating,50,22,rf,0.9333333333333333
motivating,50,22,1nn,0.9
motivating,50,22,linear_svm,0.9
motivating,50,22,rbf_svm,0.9
motivating,50,23,rf,0.8666666666666667
motivating,50,23,1nn,0.8666666666666667
motivating,50,23,linear_svm,0.8666666666666667
motivating,50,23,rbf_svm,0.8666666666666667
motivating,50,24,rf,0.9
motivating,50,24,1nn,0.9
motivating,50,24,linear_svm,0.9333333333333333
motivating,50,24,rbf_svm,0.9333333333333333
motivating,50,25,rf,0.9333333333333333
motivating,50,25,1nn,0.9333333333333333
motivating,50,25,linear_svm,1.0
motivating,50,25,rbf_svm,1.0
motivating,50,26,rf,0.9333333333333333
motivating,50,26,1nn,0.8333333333333334
motivating,50,26,linear_svm,0.9
motivating,50,26,rbf_svm,0.9
motivating,50,27,rf,0.8333333333333334
motivating,50,27,1nn,0.8333333333333334
motivating,50,27,linear_svm,0.9
motivating,50,27,rbf_svm,0.9
motivating,50,28,rf,0.8333333333333334
motivating,50,28,1nn,0.8333333333333334
motivating,50,28,linear_svm,0.8666666666666667
motivating,50,28,rbf_svm,0.9
motivating,50,29,rf,0.8333333333333334
motivating,50,29,1nn,0.8666666666666667
motivating,50,29,linear_svm,0.9666666666666667
motivating,50,29,rbf_svm,0.9333333333333333
motivating,50,30,rf,0.8666666666666667
motivating,50,30,1nn,0.8666666666666667
motivating,50,30,linear_svm,0.9
motivating,50,30,rbf_svm,0.9
motivating,50,31,rf,0.8666666666666667
motivating,50,31,1nn,0.8666666666666667
motivating,50,31,linear_svm,0.9333333333333333
motivating,50,31,rbf_svm,0.9666666666666667
motivating,50,32,rf,0.8666666666666667
motivating,50,32,1nn,0.8
motivating,50,32,linear_svm,0.8666666666666667
motivating,50,32,rbf_svm,0.8
motivating,50,33,rf,0.8666666666666667
motivating,50,33,1nn,0.8333333333333334
motivating,50,33,linear_svm,0.8666666666666667
motivating,50,33,rbf_svm,0.8666666666666667
motivating,50,34,rf,0.9333333333333333
motivating,50,34,1nn,0.8666666666666667
motivating,50,34,linear_svm,0.9
motivating,50,34,rbf_svm,0.9
motivating,50,35,rf,0.8666666666666667
motivating,50,35,1nn,0.8666666666666667
motivating,50,35,linear_svm,0.8333333333333334
motivating,50,35,rbf_svm,0.8666666666666667
motivating,50,36,rf,0.8333333333333334
motivating,50,36,1nn,0.8333333333333334
motivating,50,36,linear_svm,0.8333333333333334
motivating,50,36,rbf_svm,0.9
motivating,50,37,rf,0.9
motivating,50,37,1nn,0.9
motivating,50,37,linear_svm,0.9
motivating,50,37,rbf_svm,0.9333333333333333
motivating,50,38,rf,0.7
motivating,50,38,1nn,0.8333333333333334
motivating,50,38,linear_svm,0.8
motivating,50,38,rbf_svm,0.8333333333333334
motivating,50,39,rf,0.8333333333333334
motivating,50,39,1nn,0.7666666666666667
motivating,50,39,linear_svm,0.8666666666666667
motivating,50,39,rbf_svm,0.8333333333333334
motivating,50,40,rf,0.9666666666666667
motivating,50,40,1nn,0.9333333333333333
motivating,50,40,linear_svm,0.9
motivating,50,40,rbf_svm,0.9
motivating,50,41,rf,0.9333333333333333
motivating,50,41,1nn,0.9333333333333333
motivating,50,41,linear_svm,0.9333333333333333
motivating,50,41,rbf_svm,0.9333333333333333
motivating,50,42,rf,0.9333333333333333
motivating,50,42,1nn,0.9333333333333333
motivating,50,42,linear_svm,0.9666666666666667
motivating,50,42,rbf_svm,0.9333333333333333
motivating,50,43,rf,1.0
motivating,50,43,1nn,0.9333333333333333
motivating,50,43,linear_svm,1.0
motivating,50,43,rbf_svm,0.9666666666666667
motivating,50,44,rf,0.9
motivating,50,44,1nn,0.7666666666666667
motivating,50,44,linear_svm,0.8333333333333334
motivating,50,44,rbf_svm,0.8
motivating,50,45,rf,0.9333333333333333
motivating,50,45,1nn,0.8666666666666667
motivating,50,45,linear_svm,0.9
motivating,50,45,rbf_svm,0.9333333333333333
motivating,50,46,rf,0.8333333333333334
motivating,50,46,1nn,0.8333333333333334
motivating,50,46,linear_svm,0.8333333333333334
motivating,50,46,rbf_svm,0.8333333333333334
motivating,50,47,rf,0.9333333333333333
motivating,50,47,1nn,0.8
motivating,50,47,linear_svm,0.9333333333333333
motivating,50,47,rbf_svm,0.9
motivating,50,48,rf,0.9333333333333333
motivating,50,48,1nn,0.8333333333333334
motivating,50,48,linear_svm,0.9333333333333333
motivating,50,48,rbf_svm,0.9333333333333333
motivating,50,49,rf,0.9
motivating,50,49,1nn,0.8666666666666667
motivating,50,49,linear_svm,1.0
motivating,50,49,rbf_svm,1.0
motivating,100,0,rf,0.9333333333333333
motivating,100,0,1nn,0.8333333333333334
motivating,100,0,linear_svm,0.8666666666666667
motivating,100,0,rbf_svm,0.9333333333333333
motivating,100,1,rf,0.9
motivating,100,1,1nn,0.9333333333333333
motivating,100,1,linear_svm,0.9
motivating,100,1,rbf_svm,0.8666666666666667
motivating,100,2,rf,0.8333333333333334
motivating,100,2,1nn,0.8666666666666667
motivating,100,2,linear_svm,0.8
motivating,100,2,rbf_svm,0.8333333333333334
motivating,100,3,rf,0.8666666666666667
motivating,100,3,1nn,0.8666666666666667
motivating,100,3,linear_svm,0.8333333333333334
motivating,100,3,rbf_svm,0.8666666666666667
motivating,100,4,rf,0.9333333333333333
motivating,100,4,1nn,0.9666666666666667
motivating,100,4,linear_svm,0.9
motivating,100,4,rbf_svm,0.9
motivating,100,5,rf,0.9666666666666667
motivating,100,5,1nn,0.9666666666666667
motivating,100,5,linear_svm,0.9333333333333333
motivating,100,5,rbf_svm,1.0
motivating,100,6,rf,0.9666666666666667
motivating,100,6,1nn,0.9333333333333333
motivating,100,6,linear_svm,0.9
motivating,100,6,rbf_svm,0.9333333333333333
motivating,100,7,rf,0.9333333333333333
motivating,100,7,1nn,0.9666666666666667
motivating,100,7,linear_svm,0.9333333333333333
motivating,100,7,rbf_svm,0.9333333333333333
motivating,100,8,rf,0.8
motivating,100,8,1nn,0.7666666666666667
motivating,100,8,linear_svm,0.9
motivating,100,8,rbf_svm,0.8333333333333334
motivating,100,9,rf,0.8
motivating,100,9,1nn,0.8666666666666667
motivating,100,9,linear_svm,0.8666666666666667
motivating,100,9,rbf_svm,0.8666666666666667
motivating,100,10,rf,0.8666666666666667
motivating,100,10,1nn,0.9333333333333333
motivating,100,10,linear_svm,0.8333333333333334
motivating,100,10,rbf_svm,0.8666666666666667
motivating,100,11,rf,0.9333333333333333
motivating,100,11,1nn,0.9666666666666667
motivating,100,11,linear_svm,0.9666666666666667
motivating,100,11,rbf_svm,0.9666666666666667
motivating,100,12,rf,0.9
motivating,100,12,1nn,0.9333333333333333
motivating,100,12,linear_svm,0.9
motivating,100,12,rbf_svm,0.9333333333333333
motivating,100,13,rf,0.8666666666666667
motivating,100,13,1nn,0.9
motivating,100,13,linear_svm,0.9
motivating,100,13,rbf_svm,0.9
motivating,100,14,rf,0.8666666666666667
motivating,100,14,1nn,0.9
motivating,100,14,linear_svm,0.8666666666666667
motivating,100,14,rbf_svm,0.9
motivating,100,15,rf,0.9
motivating,100,15,1nn,0.8666666666666667
motivating,100,15,linear_svm,0.8666666666666667
motivating,100,15,rbf_svm,0.9333333333333333
motivating,100,16,rf,0.8666666666666667
motivating,100,16,1nn,0.9333333333333333
motivating,100,16,linear_svm,0.9333333333333333
motivating,100,16,rbf_svm,0.9
motivating,100,17,rf,0.9333333333333333
motivating,100,17,1nn,0.9
motivating,100,17,linear_svm,0.9
motivating,100,17,rbf_svm,0.9333333333333333
motivating,100,18,rf,0.7666666666666667
motivating,100,18,1nn,0.9
motivating,100,18,linear_svm,0.8333333333333334
motivating,100,18,rbf_svm,0.8666666666666667
motivating,100,19,rf,0.8333333333333334
motivating,100,19,1nn,0.9333333333333333
motivating,100,19,linear_svm,0.9
motivating,100,19,rbf_svm,0.9666666666666667
motivating,100,20,rf,0.7333333333333333
motivating,100,20,1nn,0.8666666666666667
motivating,100,20,linear_svm,0.8333333333333334
motivating,100,20,rbf_svm,0.8333333333333334
motivating,100,21,rf,0.9666666666666667
motivating,100,21,1nn,0.9
motivating,100,21,linear_svm,0.9666666666666667
motivating,100,21,rbf_svm,1.0
motivating,100,22,rf,0.9333333333333333
motivating,100,22,1nn,0.9333333333333333
motivating,100,22,linear_svm,0.9
motivating,100,22,rbf_svm,0.9666666666666667
motivating,100,23,rf,0.8666666666666667
motivating,100,23,1nn,0.9
motivating,100,23,linear_svm,0.9333333333333333
motivating,100,23,rbf_svm,0.9333333333333333
motivating,100,24,rf,0.8333333333333334
motivating,100,24,1nn,0.8333333333333334
motivating,100,24,linear_svm,0.8333333333333334
motivating,100,24,rbf_svm,0.8666666666666667
motivating,100,25,rf,0.9
motivating,100,25,1nn,0.9333333333333333
motivating,100,25,linear_svm,0.9
motivating,100,25,rbf_svm,0.9333333333333333
motivating,100,26,rf,0.8333333333333334
motivating,100,26,1nn,0.8666666666666667
motivating,100,26,linear_svm,0.8
motivating,100,26,rbf_svm,0.8333333333333334
motivating,100,27,rf,0.7666666666666667
motivating,100,27,1nn,0.9333333333333333
motivating,100,27,linear_svm,0.8666666666666667
motivating,100,27,rbf_svm,0.9333333333333333
motivating,100,28,rf,0.9666666666666667
motivating,100,28,1nn,0.9333333333333333
motivating,100,28,linear_svm,1.0
motivating,100,28,rbf_svm,1.0
motivating,100,29,rf,0.9
motivating,100,29,1nn,0.8666666666666667
motivating,100,29,linear_svm,0.9
motivating,100,29,rbf_svm,0.9
motivating,100,30,rf,0.9666666666666667
motivating,100,30,1nn,0.9
motivating,100,30,linear_svm,0.9666666666666667
motivating,100,30,rbf_svm,1.0
motivating,100,31,rf,0.8333333333333334
motivating,100,31,1nn,0.9
motivating,100,31,linear_svm,0.8333333333333334
motivating,100,31,rbf_svm,0.8333333333333334
motivating,100,32,rf,0.8666666666666667
motivating,100,32,1nn,0.9333333333333333
motivating,100,32,linear_svm,0.9
motivating,100,32,rbf_svm,0.9333333333333333
motivating,100,33,rf,0.8333333333333334
motivating,100,33,1nn,0.8333333333333334
motivating,100,33,linear_svm,0.9
motivating,100,33,rbf_svm,0.8666666666666667
motivating,100,34,rf,0.9
motivating,100,34,1nn,0.8666666666666667
motivating,100,34,linear_svm,0.9666666666666667
motivating,100,34,rbf_svm,0.9333333333333333
motivating,100,35,rf,0.9333333333333333
motivating,100,35,1nn,0.9
motivating,100,35,linear_svm,0.8666666666666667
motivating,100,35,rbf_svm,0.8666666666666667
motivating,100,36,rf,0.9333333333333333
motivating,100,36,1nn,0.9333333333333333
motivating,100,36,linear_svm,0.9333333333333333
motivating,100,36,rbf_svm,0.9
motivating,100,37,rf,0.9333333333333333
motivating,100,37,1nn,0.9
motivating,100,37,linear_svm,0.9
motivating,100,37,rbf_svm,0.9
motivating,100,38,rf,0.8333333333333334
motivating,100,38,1nn,0.9
motivating,100,38,linear_svm,0.8666666666666667
motivating,100,38,rbf_svm,0.9
motivating,100,39,rf,0.9
motivating,100,39,1nn,0.9666666666666667
motivating,100,39,linear_svm,0.9
motivating,100,39,rbf_svm,0.9333333333333333
motivating,100,40,rf,0.9333333333333333
motivating,100,40,1nn,1.0
motivating,100,40,linear_svm,0.9666666666666667
motivating,100,40,rbf_svm,1.0
motivating,100,41,rf,0.8666666666666667
motivating,100,41,1nn,0.8666666666666667
motivating,100,41,linear_svm,0.9
motivating,100,41,rbf_svm,0.9
motivating,100,42,rf,0.8
motivating,100,42,1nn,0.8666666666666667
motivating,100,42,linear_svm,0.7666666666666667
motivating,100,42,rbf_svm,0.8333333333333334
motivating,100,43,rf,0.9
motivating,100,43,1nn,0.9
motivating,100,43,linear_svm,0.8666666666666667
motivating,100,43,rbf_svm,0.8666666666666667
motivating,100,44,rf,0.8333333333333334
motivating,100,44,1nn,0.8
motivating,100,44,linear_svm,0.8333333333333334
motivating,100,44,rbf_svm,0.8333333333333334
motivating,100,45,rf,0.9
motivating,100,45,1nn,0.9
motivating,100,45,linear_svm,0.8333333333333334
motivating,100,45,rbf_svm,0.9333333333333333
motivating,100,46,rf,0.8666666666666667
motivating,100,46,1nn,0.8666666666666667
motivating,100,46,linear_svm,0.8333333333333334
motivating,100,46,rbf_svm,0.8666666666666667
motivating,100,47,rf,0.8333333333333334
motivating,100,47,1nn,0.8666666666666667
motivating,100,47,linear_svm,0.9
motivating,100,47,rbf_svm,0.9
motivating,100,48,rf,0.9
motivating,100,48,1nn,0.8666666666666667
motivating,100,48,linear_svm,0.9
motivating,100,48,rbf_svm,0.9333333333333333
motivating,100,49,rf,0.9333333333333333
motivating,100,49,1nn,0.9
motivating,100,49,linear_svm,0.9333333333333333
motivating,100,49,rbf_svm,0.9333333333333333
system_prompt,1,0,rf,0.4
system_prompt,1,0,1nn,0.43333333333333335
system_prompt,1,0,linear_svm,0.4666666666666667
system_prompt,1,0,rbf_svm,0.36666666666666664
system_prompt,1,1,rf,0.6
system_prompt,1,1,1nn,0.5
system_prompt,1,1,linear_svm,0.4666666666666667
system_prompt,1,1,rbf_svm,0.5
system_prompt,1,2,rf,0.5666666666666667
system_prompt,1,2,1nn,0.6
system_prompt,1,2,linear_svm,0.5
system_prompt,1,2,rbf_svm,0.43333333333333335
system_prompt,1,3,rf,0.7333333333333333
system_prompt,1,3,1nn,0.6666666666666666
system_prompt,1,3,linear_svm,0.8666666666666667
system_prompt,1,3,rbf_svm,0.7666666666666667
system_prompt,1,4,rf,0.5666666666666667
system_prompt,1,4,1nn,0.6666666666666666
system_prompt,1,4,linear_svm,0.7333333333333333
system_prompt,1,4,rbf_svm,0.7666666666666667
system_prompt,1,5,rf,0.6
system_prompt,1,5,1nn,0.4666666666666667
system_prompt,1,5,linear_svm,0.7
system_prompt,1,5,rbf_svm,0.7333333333333333
system_prompt,1,6,rf,0.5666666666666667
system_prompt,1,6,1nn,0.4666666666666667
system_prompt,1,6,linear_svm,0.6
system_prompt,1,6,rbf_svm,0.6
system_prompt,1,7,rf,0.3333333333333333
system_prompt,1,7,1nn,0.4666666666666667
system_prompt,1,7,linear_svm,0.4
system_prompt,1,7,rbf_svm,0.5
system_prompt,1,8,rf,0.6666666666666666
system_prompt,1,8,1nn,0.6
system_prompt,1,8,linear_svm,0.7
system_prompt,1,8,rbf_svm,0.7333333333333333
system_prompt,1,9,rf,0.5333333333333333
system_prompt,1,9,1nn,0.7666666666666667
system_prompt,1,9,linear_svm,0.8333333333333334
system_prompt,1,9,rbf_svm,0.7
system_prompt,1,10,rf,0.8333333333333334
system_prompt,1,10,1nn,0.7
system_prompt,1,10,linear_svm,0.8
system_prompt,1,10,rbf_svm,0.8666666666666667
system_prompt,1,11,rf,0.6666666666666666
system_prompt,1,11,1nn,0.7
system_prompt,1,11,linear_svm,0.6333333333333333
system_prompt,1,11,rbf_svm,0.6666666666666666
system_prompt,1,12,rf,0.8
system_prompt,1,12,1nn,0.8
system_prompt,1,12,linear_svm,0.6666666666666666
system_prompt,1,12,rbf_svm,0.8
system_prompt,1,13,rf,0.6333333333333333
system_prompt,1,13,1nn,0.6
system_prompt,1,13,linear_svm,0.5666666666666667
system_prompt,1,13,rbf_svm,0.5666666666666667
system_prompt,1,14,rf,0.6
system_prompt,1,14,1nn,0.6
system_prompt,1,14,linear_svm,0.5666666666666667
system_prompt,1,14,rbf_svm,0.5333333333333333
system_prompt,1,15,rf,0.6
system_prompt,1,15,1nn,0.6
system_prompt,1,15,linear_svm,0.5666666666666667
system_prompt,1,15,rbf_svm,0.6666666666666666
system_prompt,1,16,rf,0.6
system_prompt,1,16,1nn,0.5666666666666667
system_prompt,1,16,linear_svm,0.6333333333333333
system_prompt,1,16,rbf_svm,0.7333333333333333
system_prompt,1,17,rf,0.8
system_prompt,1,17,1nn,0.7333333333333333
system_prompt,1,17,linear_svm,0.8
system_prompt,1,17,rbf_svm,0.7666666666666667
system_prompt,1,18,rf,0.5333333333333333
system_prompt,1,18,1nn,0.6333333333333333
system_prompt,1,18,linear_svm,0.6333333333333333
system_prompt,1,18,rbf_svm,0.5
system_prompt,1,19,rf,0.6666666666666666
system_prompt,1,19,1nn,0.8
system_prompt,1,19,linear_svm,0.6666666666666666
system_prompt,1,19,rbf_svm,0.8
system_prompt,1,20,rf,0.5666666666666667
system_prompt,1,20,1nn,0.5333333333333333
system_prompt,1,20,linear_svm,0.6666666666666666
system_prompt,1,20,rbf_svm,0.6333333333333333
system_prompt,1,21,rf,0.9
system_prompt,1,21,1nn,0.9
system_prompt,1,21,linear_svm,0.8666666666666667
system_prompt,1,21,rbf_svm,0.8666666666666667
system_prompt,1,22,rf,0.5333333333333333
system_prompt,1,22,1nn,0.4666666666666667
system_prompt,1,22,linear_svm,0.5
system_prompt,1,22,rbf_svm,0.5666666666666667
system_prompt,1,23,rf,0.5333333333333333
system_prompt,1,23,1nn,0.7666666666666667
system_prompt,1,23,linear_svm,0.5666666666666667
system_prompt,1,23,rbf_svm,0.4666666666666667
system_prompt,1,24,rf,0.7
system_prompt,1,24,1nn,0.9
system_prompt,1,24,linear_svm,0.7666666666666667
system_prompt,1,24,rbf_svm,0.8666666666666667
system_prompt,1,25,rf,0.7
system_prompt,1,25,1nn,0.5
system_prompt,1,25,linear_svm,0.7
system_prompt,1,25,rbf_svm,0.6
system_prompt,1,26,rf,0.5333333333333333
system_prompt,1,26,1nn,0.36666666666666664
system_prompt,1,26,linear_svm,0.5333333333333333
system_prompt,1,26,rbf_svm,0.43333333333333335
system_prompt,1,27,rf,0.7
system_prompt,1,27,1nn,0.7333333333333333
system_prompt,1,27,linear_svm,0.7666666666666667
system_prompt,1,27,rbf_svm,0.7666666666666667
system_prompt,1,28,rf,0.7666666666666667
system_prompt,1,28,1nn,0.7666666666666667
system_prompt,1,28,linear_svm,0.6
system_prompt,1,28,rbf_svm,0.8
system_prompt,1,29,rf,0.6333333333333333
system_prompt,1,29,1nn,0.7
system_prompt,1,29,linear_svm,0.7
system_prompt,1,29,rbf_svm,0.9
system_prompt,1,30,rf,0.6666666666666666
system_prompt,1,30,1nn,0.6666666666666666
system_prompt,1,30,linear_svm,0.7666666666666667
system_prompt,1,30,rbf_svm,0.8
system_prompt,1,31,rf,0.5
system_prompt,1,31,1nn,0.6
system_prompt,1,31,linear_svm,0.5
system_prompt,1,31,rbf_svm,0.4666666666666667
system_prompt,1,32,rf,0.4666666666666667
system_prompt,1,32,1nn,0.5333333333333333
system_prompt,1,32,linear_svm,0.36666666666666664
system_prompt,1,32,rbf_svm,0.43333333333333335
system_prompt,1,33,rf,0.7666666666666667
system_prompt,1,33,1nn,0.6666666666666666
system_prompt,1,33,linear_svm,0.4666666666666667
system_prompt,1,33,rbf_svm,0.5666666666666667
system_prompt,1,34,rf,0.5333333333333333
system_prompt,1,34,1nn,0.6
system_prompt,1,34,linear_svm,0.5
system_prompt,1,34,rbf_svm,0.43333333333333335
system_prompt,1,35,rf,0.5666666666666667
system_prompt,1,35,1nn,0.6333333333333333
system_prompt,1,35,linear_svm,0.6666666666666666
system_prompt,1,35,rbf_svm,0.6666666666666666
system_prompt,1,36,rf,0.7
system_prompt,1,36,1nn,0.7666666666666667
system_prompt,1,36,linear_svm,0.7666666666666667
system_prompt,1,36,rbf_svm,0.7333333333333333
system_prompt,1,37,rf,0.7333333333333333
system_prompt,1,37,1nn,0.6666666666666666
system_prompt,1,37,linear_svm,0.5666666666666667
system_prompt,1,37,rbf_svm,0.8
system_prompt,1,38,rf,0.36666666666666664
system_prompt,1,38,1nn,0.4
system_prompt,1,38,linear_svm,0.3333333333333333
system_prompt,1,38,rbf_svm,0.26666666666666666
system_prompt,1,39,rf,0.6333333333333333
system_prompt,1,39,1nn,0.5333333333333333
system_prompt,1,39,linear_svm,0.5666666666666667
system_prompt,1,39,rbf_svm,0.7
system_prompt,1,40,rf,0.6
system_prompt,1,40,1nn,0.6
system_prompt,1,40,linear_svm,0.6
system_prompt,1,40,rbf_svm,0.7
system_prompt,1,41,rf,0.5333333333333333
system_prompt,1,41,1nn,0.5666666666666667
system_prompt,1,41,linear_svm,0.5
system_prompt,1,41,rbf_svm,0.4666666666666667
system_prompt,1,42,rf,0.7666666666666667
system_prompt,1,42,1nn,0.8666666666666667
system_prompt,1,42,linear_svm,0.8666666666666667
system_prompt,1,42,rbf_svm,0.8333333333333334
system_prompt,1,43,rf,0.7
system_prompt,1,43,1nn,0.5666666666666667
system_prompt,1,43,linear_svm,0.8
system_prompt,1,43,rbf_svm,0.7333333333333333
system_prompt,1,44,rf,0.6333333333333333
system_prompt,1,44,1nn,0.6666666666666666
system_prompt,1,44,linear_svm,0.4666666666666667
system_prompt,1,44,rbf_svm,0.6333333333333333
system_prompt,1,45,rf,0.5666666666666667
system_prompt,1,45,1nn,0.6
system_prompt,1,45,linear_svm,0.7666666666666667
system_prompt,1,45,rbf_svm,0.6666666666666666
system_prompt,1,46,rf,0.4666666666666667
system_prompt,1,46,1nn,0.6
system_prompt,1,46,linear_svm,0.6
system_prompt,1,46,rbf_svm,0.6333333333333333
system_prompt,1,47,rf,0.4666666666666667
system_prompt,1,47,1nn,0.6
system_prompt,1,47,linear_svm,0.6333333333333333
system_prompt,1,47,rbf_svm,0.6333333333333333
system_prompt,1,48,rf,0.7
system_prompt,1,48,1nn,0.6
system_prompt,1,48,linear_svm,0.8
system_prompt,1,48,rbf_svm,0.7333333333333333
system_prompt,1,49,rf,0.4
system_prompt,1,49,1nn,0.6
system_prompt,1,49,linear_svm,0.5
system_prompt,1,49,rbf_svm,0.4666666666666667
system_prompt,2,0,rf,0.6666666666666666
system_prompt,2,0,1nn,0.5333333333333333
system_prompt,2,0,linear_svm,0.6333333333333333
system_prompt,2,0,rbf_svm,0.6666666666666666
system_prompt,2,1,rf,0.5666666666666667
system_prompt,2,1,1nn,0.5333333333333333
system_prompt,2,1,linear_svm,0.5333333333333333
system_prompt,2,1,rbf_svm,0.6
system_prompt,2,2,rf,0.7333333333333333
system_prompt,2,2,1nn,0.7333333333333333
system_prompt,2,2,linear_svm,0.7666666666666667
system_prompt,2,2,rbf_svm,0.7666666666666667
system_prompt,2,3,rf,0.6666666666666666
system_prompt,2,3,1nn,0.6333333333333333
system_prompt,2,3,linear_svm,0.7333333333333333
system_prompt,2,3,rbf_svm,0.6333333333333333
system_prompt,2,4,rf,0.6333333333333333
system_prompt,2,4,1nn,0.6666666666666666
system_prompt,2,4,linear_svm,0.7333333333333333
system_prompt,2,4,rbf_svm,0.7
system_prompt,2,5,rf,0.8
system_prompt,2,5,1nn,0.6666666666666666
system_prompt,2,5,linear_svm,0.6666666666666666
system_prompt,2,5,rbf_svm,0.7333333333333333
system_prompt,2,6,rf,0.5
system_prompt,2,6,1nn,0.5
system_prompt,2,6,linear_svm,0.6666666666666666
system_prompt,2,6,rbf_svm,0.5666666666666667
system_prompt,2,7,rf,0.7333333333333333
system_prompt,2,7,1nn,0.7
system_prompt,2,7,linear_svm,0.8
system_prompt,2,7,rbf_svm,0.7666666666666667
system_prompt,2,8,rf,0.6333333333333333
system_prompt,2,8,1nn,0.7333333333333333
system_prompt,2,8,linear_svm,0.7
system_prompt,2,8,rbf_svm,0.6666666666666666
system_prompt,2,9,rf,0.7
system_prompt,2,9,1nn,0.7
system_prompt,2,9,linear_svm,0.6666666666666666
system_prompt,2,9,rbf_svm,0.6666666666666666
system_prompt,2,10,rf,0.43333333333333335
system_prompt,2,10,1nn,0.6
system_prompt,2,10,linear_svm,0.43333333333333335
system_prompt,2,10,rbf_svm,0.4666666666666667
system_prompt,2,11,rf,0.6
system_prompt,2,11,1nn,0.7333333333333333
system_prompt,2,11,linear_svm,0.7666666666666667
system_prompt,2,11,rbf_svm,0.5666666666666667
system_prompt,2,12,rf,0.5666666666666667
system_prompt,2,12,1nn,0.5
system_prompt,2,12,linear_svm,0.6333333333333333
system_prompt,2,12,rbf_svm,0.4666666666666667
system_prompt,2,13,rf,0.6666666666666666
system_prompt,2,13,1nn,0.7666666666666667
system_prompt,2,13,linear_svm,0.5666666666666667
system_prompt,2,13,rbf_svm,0.6333333333333333
system_prompt,2,14,rf,0.5
system_prompt,2,14,1nn,0.5666666666666667
system_prompt,2,14,linear_svm,0.5666666666666667
system_prompt,2,14,rbf_svm,0.6666666666666666
system_prompt,2,15,rf,0.6333333333333333
system_prompt,2,15,1nn,0.7
system_prompt,2,15,linear_svm,0.7333333333333333
system_prompt,2,15,rbf_svm,0.6666666666666666
system_prompt,2,16,rf,0.5
system_prompt,2,16,1nn,0.5
system_prompt,2,16,linear_svm,0.5333333333333333
system_prompt,2,16,rbf_svm,0.7
system_prompt,2,17,rf,0.26666666666666666
system_prompt,2,17,1nn,0.4
system_prompt,2,17,linear_svm,0.3
system_prompt,2,17,rbf_svm,0.3333333333333333
system_prompt,2,18,rf,0.5
system_prompt,2,18,1nn,0.6666666666666666
system_prompt,2,18,linear_svm,0.4666666666666667
system_prompt,2,18,rbf_svm,0.5333333333333333
system_prompt,2,19,rf,0.6333333333333333
system_prompt,2,19,1nn,0.6333333333333333
system_prompt,2,19,linear_svm,0.5666666666666667
system_prompt,2,19,rbf_svm,0.6
system_prompt,2,20,rf,0.6333333333333333
system_prompt,2,20,1nn,0.6333333333333333
system_prompt,2,20,linear_svm,0.8666666666666667
system_prompt,2,20,rbf_svm,0.8333333333333334
system_prompt,2,21,rf,0.7666666666666667
system_prompt,2,21,1nn,0.8
system_prompt,2,21,linear_svm,0.8666666666666667
system_prompt,2,21,rbf_svm,0.7666666666666667
system_prompt,2,22,rf,0.8
system_prompt,2,22,1nn,0.7333333333333333
system_prompt,2,22,linear_svm,0.8
system_prompt,2,22,rbf_svm,0.8333333333333334
system_prompt,2,23,rf,0.7333333333333333
system_prompt,2,23,1nn,0.6666666666666666
system_prompt,2,23,linear_svm,0.7666666666666667
system_prompt,2,23,rbf_svm,0.7
system_prompt,2,24,rf,0.4666666666666667
system_prompt,2,24,1nn,0.6
system_prompt,2,24,linear_svm,0.43333333333333335
system_prompt,2,24,rbf_svm,0.5
system_prompt,2,25,rf,0.43333333333333335
system_prompt,2,25,1nn,0.26666666666666666
system_prompt,2,25,linear_svm,0.43333333333333335
system_prompt,2,25,rbf_svm,0.3
system_prompt,2,26,rf,0.9
system_prompt,2,26,1nn,0.8666666666666667
system_prompt,2,26,linear_svm,0.9333333333333333
system_prompt,2,26,rbf_svm,0.9666666666666667
system_prompt,2,27,rf,0.4
system_prompt,2,27,1nn,0.5666666666666667
system_prompt,2,27,linear_svm,0.6
system_prompt,2,27,rbf_svm,0.5333333333333333
system_prompt,2,28,rf,0.6
system_prompt,2,28,1nn,0.7
system_prompt,2,28,linear_svm,0.7333333333333333
system_prompt,2,28,rbf_svm,0.7333333333333333
system_prompt,2,29,rf,0.7333333333333333
system_prompt,2,29,1nn,0.6
system_prompt,2,29,linear_svm,0.6333333333333333
system_prompt,2,29,rbf_svm,0.6666666666666666
system_prompt,2,30,rf,0.8333333333333334
system_prompt,2,30,1nn,0.7
system_prompt,2,30,linear_svm,0.8666666666666667
system_prompt,2,30,rbf_svm,0.8666666666666667
system_prompt,2,31,rf,0.6333333333333333
system_prompt,2,31,1nn,0.5666666666666667
system_prompt,2,31,linear_svm,0.5333333333333333
system_prompt,2,31,rbf_svm,0.5666666666666667
system_prompt,2,32,rf,0.4
system_prompt,2,32,1nn,0.4666666666666667
system_prompt,2,32,linear_svm,0.5333333333333333
system_prompt,2,32,rbf_svm,0.5333333333333333
system_prompt,2,33,rf,0.5
system_prompt,2,33,1nn,0.6
system_prompt,2,33,linear_svm,0.4666666666666667
system_prompt,2,33,rbf_svm,0.5666666666666667
system_prompt,2,34,rf,0.6666666666666666
system_prompt,2,34,1nn,0.5
system_prompt,2,34,linear_svm,0.5
system_prompt,2,34,rbf_svm,0.5333333333333333
system_prompt,2,35,rf,0.8666666666666667
system_prompt,2,35,1nn,0.8
system_prompt,2,35,linear_svm,0.8333333333333334
system_prompt,2,35,rbf_svm,0.9
system_prompt,2,36,rf,0.9
system_prompt,2,36,1nn,0.9333333333333333
system_prompt,2,36,linear_svm,0.9
system_prompt,2,36,rbf_svm,0.9
system_prompt,2,37,rf,0.5333333333333333
system_prompt,2,37,1nn,0.5333333333333333
system_prompt,2,37,linear_svm,0.5666666666666667
system_prompt,2,37,rbf_svm,0.5333333333333333
system_prompt,2,38,rf,0.5666666666666667
system_prompt,2,38,1nn,0.5
system_prompt,2,38,linear_svm,0.6333333333333333
system_prompt,2,38,rbf_svm,0.6333333333333333
system_prompt,2,39,rf,0.7
system_prompt,2,39,1nn,0.7
system_prompt,2,39,linear_svm,0.7
system_prompt,2,39,rbf_svm,0.8
system_prompt,2,40,rf,0.5
system_prompt,2,40,1nn,0.4
system_prompt,2,40,linear_svm,0.7
system_prompt,2,40,rbf_svm,0.5333333333333333
system_prompt,2,41,rf,0.9
system_prompt,2,41,1nn,0.6666666666666666
system_prompt,2,41,linear_svm,0.9333333333333333
system_prompt,2,41,rbf_svm,0.8333333333333334
system_prompt,2,42,rf,0.7
system_prompt,2,42,1nn,0.5333333333333333
system_prompt,2,42,linear_svm,0.6
system_prompt,2,42,rbf_svm,0.7333333333333333
system_prompt,2,43,rf,0.7
system_prompt,2,43,1nn,0.7
system_prompt,2,43,linear_svm,0.8
system_prompt,2,43,rbf_svm,0.7666666666666667
system_prompt,2,44,rf,0.5666666666666667
system_prompt,2,44,1nn,0.5666666666666667
system_prompt,2,44,linear_svm,0.5
system_prompt,2,44,rbf_svm,0.5333333333333333
system_prompt,2,45,rf,0.4666666666666667
system_prompt,2,45,1nn,0.3333333333333333
system_prompt,2,45,linear_svm,0.6333333333333333
system_prompt,2,45,rbf_svm,0.5666666666666667
system_prompt,2,46,rf,0.5666666666666667
system_prompt,2,46,1nn,0.43333333333333335
system_prompt,2,46,linear_svm,0.4666666666666667
system_prompt,2,46,rbf_svm,0.4666666666666667
system_prompt,2,47,rf,0.43333333333333335
system_prompt,2,47,1nn,0.4
system_prompt,2,47,linear_svm,0.3333333333333333
system_prompt,2,47,rbf_svm,0.3333333333333333
system_prompt,2,48,rf,0.5333333333333333
system_prompt,2,48,1nn,0.4666666666666667
system_prompt,2,48,linear_svm,0.6
system_prompt,2,48,rbf_svm,0.7
system_prompt,2,49,rf,0.7
system_prompt,2,49,1nn,0.7
system_prompt,2,49,linear_svm,0.8666666666666667
system_prompt,2,49,rbf_svm,0.7333333333333333
system_prompt,5,0,rf,0.43333333333333335
system_prompt,5,0,1nn,0.4
system_prompt,5,0,linear_svm,0.43333333333333335
system_prompt,5,0,rbf_svm,0.4
system_prompt,5,1,rf,0.6333333333333333
system_prompt,5,1,1nn,0.7333333333333333
system_prompt,5,1,linear_svm,0.7
system_prompt,5,1,rbf_svm,0.7333333333333333
system_prompt,5,2,rf,0.7
system_prompt,5,2,1nn,0.6666666666666666
system_prompt,5,2,linear_svm,0.8
system_prompt,5,2,rbf_svm,0.7333333333333333
system_prompt,5,3,rf,0.6666666666666666
system_prompt,5,3,1nn,0.5666666666666667
system_prompt,5,3,linear_svm,0.6
system_prompt,5,3,rbf_svm,0.5333333333333333
system_prompt,5,4,rf,0.43333333333333335
system_prompt,5,4,1nn,0.5
system_prompt,5,4,linear_svm,0.4
system_prompt,5,4,rbf_svm,0.36666666666666664
system_prompt,5,5,rf,0.7333333333333333
system_prompt,5,5,1nn,0.8
system_prompt,5,5,linear_svm,0.8666666666666667
system_prompt,5,5,rbf_svm,0.8666666666666667
system_prompt,5,6,rf,0.8
system_prompt,5,6,1nn,0.6666666666666666
system_prompt,5,6,linear_svm,0.7666666666666667
system_prompt,5,6,rbf_svm,0.8
system_prompt,5,7,rf,0.6666666666666666
system_prompt,5,7,1nn,0.6666666666666666
system_prompt,5,7,linear_svm,0.6333333333333333
system_prompt,5,7,rbf_svm,0.7
system_prompt,5,8,rf,0.7
system_prompt,5,8,1nn,0.8333333333333334
system_prompt,5,8,linear_svm,0.8333333333333334
system_prompt,5,8,rbf_svm,0.8
system_prompt,5,9,rf,0.7333333333333333
system_prompt,5,9,1nn,0.6333333333333333
system_prompt,5,9,linear_svm,0.7
system_prompt,5,9,rbf_svm,0.7
system_prompt,5,10,rf,0.6
system_prompt,5,10,1nn,0.6333333333333333
system_prompt,5,10,linear_svm,0.5333333333333333
system_prompt,5,10,rbf_svm,0.4666666666666667
system_prompt,5,11,rf,0.5
system_prompt,5,11,1nn,0.5666666666666667
system_prompt,5,11,linear_svm,0.4666666666666667
system_prompt,5,11,rbf_svm,0.5666666666666667
system_prompt,5,12,rf,0.5666666666666667
system_prompt,5,12,1nn,0.5
system_prompt,5,12,linear_svm,0.5
system_prompt,5,12,rbf_svm,0.43333333333333335
system_prompt,5,13,rf,0.9
system_prompt,5,13,1nn,0.8333333333333334
system_prompt,5,13,linear_svm,0.9333333333333333
system_prompt,5,13,rbf_svm,0.8666666666666667
system_prompt,5,14,rf,0.43333333333333335
system_prompt,5,14,1nn,0.36666666666666664
system_prompt,5,14,linear_svm,0.36666666666666664
system_prompt,5,14,rbf_svm,0.43333333333333335
system_prompt,5,15,rf,0.7
system_prompt,5,15,1nn,0.6666666666666666
system_prompt,5,15,linear_svm,0.6333333333333333
system_prompt,5,15,rbf_svm,0.7
system_prompt,5,16,rf,0.7333333333333333
system_prompt,5,16,1nn,0.6333333333333333
system_prompt,5,16,linear_svm,0.6666666666666666
system_prompt,5,16,rbf_svm,0.7333333333333333
system_prompt,5,17,rf,0.9
system_prompt,5,17,1nn,0.8
system_prompt,5,17,linear_svm,0.8333333333333334
system_prompt,5,17,rbf_svm,0.8666666666666667
system_prompt,5,18,rf,0.8
system_prompt,5,18,1nn,0.6333333333333333
system_prompt,5,18,linear_svm,0.9
system_prompt,5,18,rbf_svm,0.8666666666666667
system_prompt,5,19,rf,0.4666666666666667
system_prompt,5,19,1nn,0.6
system_prompt,5,19,linear_svm,0.5666666666666667
system_prompt,5,19,rbf_svm,0.6666666666666666
system_prompt,5,20,rf,0.6
system_prompt,5,20,1nn,0.7666666666666667
system_prompt,5,20,linear_svm,0.7
system_prompt,5,20,rbf_svm,0.7333333333333333
system_prompt,5,21,rf,0.8
system_prompt,5,21,1nn,0.7666666666666667
system_prompt,5,21,linear_svm,0.8666666666666667
system_prompt,5,21,rbf_svm,0.8
system_prompt,5,22,rf,0.6666666666666666
system_prompt,5,22,1nn,0.6333333333333333
system_prompt,5,22,linear_svm,0.6
system_prompt,5,22,rbf_svm,0.6666666666666666
system_prompt,5,23,rf,0.7333333333333333
system_prompt,5,23,1nn,0.6666666666666666
system_prompt,5,23,linear_svm,0.6666666666666666
system_prompt,5,23,rbf_svm,0.6
system_prompt,5,24,rf,0.7666666666666667
system_prompt,5,24,1nn,0.5333333333333333
system_prompt,5,24,linear_svm,0.6
system_prompt,5,24,rbf_svm,0.7
system_prompt,5,25,rf,0.4666666666666667
system_prompt,5,25,1nn,0.36666666666666664
system_prompt,5,25,linear_svm,0.5333333333333333
system_prompt,5,25,rbf_svm,0.43333333333333335
system_prompt,5,26,rf,0.6666666666666666
system_prompt,5,26,1nn,0.6666666666666666
system_prompt,5,26,linear_svm,0.6666666666666666
system_prompt,5,26,rbf_svm,0.7333333333333333
system_prompt,5,27,rf,0.43333333333333335
system_prompt,5,27,1nn,0.43333333333333335
system_prompt,5,27,linear_svm,0.7
system_prompt,5,27,rbf_svm,0.5666666666666667
system_prompt,5,28,rf,0.5666666666666667
system_prompt,5,28,1nn,0.7333333333333333
system_prompt,5,28,linear_svm,0.6666666666666666
system_prompt,5,28,rbf_svm,0.7
system_prompt,5,29,rf,0.7666666666666667
system_prompt,5,29,1nn,0.5666666666666667
system_prompt,5,29,linear_svm,0.7666666666666667
system_prompt,5,29,rbf_svm,0.7333333333333333
system_prompt,5,30,rf,0.9
system_prompt,5,30,1nn,0.8
system_prompt,5,30,linear_svm,0.9
system_prompt,5,30,rbf_svm,0.9
system_prompt,5,31,rf,0.6666666666666666
system_prompt,5,31,1nn,0.7333333333333333
system_prompt,5,31,linear_svm,0.9
system_prompt,5,31,rbf_svm,0.8
system_prompt,5,32,rf,0.8333333333333334
system_prompt,5,32,1nn,0.8666666666666667
system_prompt,5,32,linear_svm,0.8333333333333334
system_prompt,5,32,rbf_svm,0.9
system_prompt,5,33,rf,0.6
system_prompt,5,33,1nn,0.6
system_prompt,5,33,linear_svm,0.6666666666666666
system_prompt,5,33,rbf_svm,0.7
system_prompt,5,34,rf,0.6666666666666666
system_prompt,5,34,1nn,0.6333333333333333
system_prompt,5,34,linear_svm,0.6666666666666666
system_prompt,5,34,rbf_svm,0.6333333333333333
system_prompt,5,35,rf,0.5333333333333333
system_prompt,5,35,1nn,0.7333333333333333
system_prompt,5,35,linear_svm,0.5333333333333333
system_prompt,5,35,rbf_svm,0.6
system_prompt,5,36,rf,0.7
system_prompt,5,36,1nn,0.7333333333333333
system_prompt,5,36,linear_svm,0.7
system_prompt,5,36,rbf_svm,0.7333333333333333
system_prompt,5,37,rf,0.8
system_prompt,5,37,1nn,0.8
system_prompt,5,37,linear_svm,0.8666666666666667
system_prompt,5,37,rbf_svm,0.8333333333333334
system_prompt,5,38,rf,0.4666666666666667
system_prompt,5,38,1nn,0.3333333333333333
system_prompt,5,38,linear_svm,0.5666666666666667
system_prompt,5,38,rbf_svm,0.4666666666666667
system_prompt,5,39,rf,0.6
system_prompt,5,39,1nn,0.5666666666666667
system_prompt,5,39,linear_svm,0.7666666666666667
system_prompt,5,39,rbf_svm,0.7
system_prompt,5,40,rf,0.7
system_prompt,5,40,1nn,0.6666666666666666
system_prompt,5,40,linear_svm,0.8
system_prompt,5,40,rbf_svm,0.7333333333333333
system_prompt,5,41,rf,0.8333333333333334
system_prompt,5,41,1nn,0.7666666666666667
system_prompt,5,41,linear_svm,0.9333333333333333
system_prompt,5,41,rbf_svm,0.9
system_prompt,5,42,rf,0.8
system_prompt,5,42,1nn,0.6666666666666666
system_prompt,5,42,linear_svm,0.6333333333333333
system_prompt,5,42,rbf_svm,0.7333333333333333
system_prompt,5,43,rf,0.8
system_prompt,5,43,1nn,0.6666666666666666
system_prompt,5,43,linear_svm,0.8666666666666667
system_prompt,5,43,rbf_svm,0.7666666666666667
system_prompt,5,44,rf,0.7666666666666667
system_prompt,5,44,1nn,0.6
system_prompt,5,44,linear_svm,0.8666666666666667
system_prompt,5,44,rbf_svm,0.8333333333333334
system_prompt,5,45,rf,0.8333333333333334
system_prompt,5,45,1nn,0.7333333333333333
system_prompt,5,45,linear_svm,0.9
system_prompt,5,45,rbf_svm,0.8666666666666667
system_prompt,5,46,rf,0.7333333333333333
system_prompt,5,46,1nn,0.8333333333333334
system_prompt,5,46,linear_svm,0.8666666666666667
system_prompt,5,46,rbf_svm,0.8333333333333334
system_prompt,5,47,rf,0.5666666666666667
system_prompt,5,47,1nn,0.7
system_prompt,5,47,linear_svm,0.6333333333333333
system_prompt,5,47,rbf_svm,0.6
system_prompt,5,48,rf,0.7333333333333333
system_prompt,5,48,1nn,0.5666666666666667
system_prompt,5,48,linear_svm,0.7333333333333333
system_prompt,5,48,rbf_svm,0.7
system_prompt,5,49,rf,0.5
system_prompt,5,49,1nn,0.5
system_prompt,5,49,linear_svm,0.5333333333333333
system_prompt,5,49,rbf_svm,0.5666666666666667
system_prompt,10,0,rf,0.7333333333333333
system_prompt,10,0,1nn,0.8
system_prompt,10,0,linear_svm,0.8
system_prompt,10,0,rbf_svm,0.8333333333333334
system_prompt,10,1,rf,0.9
system_prompt,10,1,1nn,0.7
system_prompt,10,1,linear_svm,0.8666666666666667
system_prompt,10,1,rbf_svm,0.8
system_prompt,10,2,rf,0.7333333333333333
system_prompt,10,2,1nn,0.6666666666666666
system_prompt,10,2,linear_svm,0.8666666666666667
system_prompt,10,2,rbf_svm,0.7
system_prompt,10,3,rf,0.6333333333333333
system_prompt,10,3,1nn,0.4666666666666667
system_prompt,10,3,linear_svm,0.6
system_prompt,10,3,rbf_svm,0.6
system_prompt,10,4,rf,0.9333333333333333
system_prompt,10,4,1nn,0.6
system_prompt,10,4,linear_svm,0.8333333333333334
system_prompt,10,4,rbf_svm,0.8
system_prompt,10,5,rf,0.8
system_prompt,10,5,1nn,0.6333333333333333
system_prompt,10,5,linear_svm,0.8666666666666667
system_prompt,10,5,rbf_svm,0.8
system_prompt,10,6,rf,0.8333333333333334
system_prompt,10,6,1nn,0.7333333333333333
system_prompt,10,6,linear_svm,0.9
system_prompt,10,6,rbf_svm,0.8666666666666667
system_prompt,10,7,rf,0.8
system_prompt,10,7,1nn,0.7666666666666667
system_prompt,10,7,linear_svm,1.0
system_prompt,10,7,rbf_svm,0.9
system_prompt,10,8,rf,0.8666666666666667
system_prompt,10,8,1nn,0.7
system_prompt,10,8,linear_svm,0.8666666666666667
system_prompt,10,8,rbf_svm,0.8333333333333334
system_prompt,10,9,rf,0.7666666666666667
system_prompt,10,9,1nn,0.6333333333333333
system_prompt,10,9,linear_svm,0.9
system_prompt,10,9,rbf_svm,0.7666666666666667
system_prompt,10,10,rf,0.7
system_prompt,10,10,1nn,0.7666666666666667
system_prompt,10,10,linear_svm,0.9
system_prompt,10,10,rbf_svm,0.8666666666666667
system_prompt,10,11,rf,0.7
system_prompt,10,11,1nn,0.8333333333333334
system_prompt,10,11,linear_svm,0.9333333333333333
system_prompt,10,11,rbf_svm,0.9333333333333333
system_prompt,10,12,rf,0.6
system_prompt,10,12,1nn,0.4666666666666667
system_prompt,10,12,linear_svm,0.5333333333333333
system_prompt,10,12,rbf_svm,0.36666666666666664
system_prompt,10,13,rf,0.5666666666666667
system_prompt,10,13,1nn,0.5333333333333333
system_prompt,10,13,linear_svm,0.6333333333333333
system_prompt,10,13,rbf_svm,0.5666666666666667
system_prompt,10,14,rf,0.8333333333333334
system_prompt,10,14,1nn,0.6666666666666666
system_prompt,10,14,linear_svm,0.8666666666666667
system_prompt,10,14,rbf_svm,0.8
system_prompt,10,15,rf,0.26666666666666666
system_prompt,10,15,1nn,0.36666666666666664
system_prompt,10,15,linear_svm,0.5
system_prompt,10,15,rbf_svm,0.36666666666666664
system_prompt,10,16,rf,0.7666666666666667
system_prompt,10,16,1nn,0.6333333333333333
system_prompt,10,16,linear_svm,0.8666666666666667
system_prompt,10,16,rbf_svm,0.6
system_prompt,10,17,rf,0.6333333333333333
system_prompt,10,17,1nn,0.7
system_prompt,10,17,linear_svm,0.9
system_prompt,10,17,rbf_svm,0.8666666666666667
system_prompt,10,18,rf,0.7666666666666667
system_prompt,10,18,1nn,0.9
system_prompt,10,18,linear_svm,0.9
system_prompt,10,18,rbf_svm,0.9333333333333333
system_prompt,10,19,rf,0.8
system_prompt,10,19,1nn,0.8333333333333334
system_prompt,10,19,linear_svm,0.8666666666666667
system_prompt,10,19,rbf_svm,0.8333333333333334
system_prompt,10,20,rf,0.7333333333333333
system_prompt,10,20,1nn,0.6
system_prompt,10,20,linear_svm,0.9
system_prompt,10,20,rbf_svm,0.8333333333333334
system_prompt,10,21,rf,0.9666666666666667
system_prompt,10,21,1nn,0.8
system_prompt,10,21,linear_svm,0.9
system_prompt,10,21,rbf_svm,0.9
system_prompt,10,22,rf,0.8
system_prompt,10,22,1nn,0.8333333333333334
system_prompt,10,22,linear_svm,0.8666666666666667
system_prompt,10,22,rbf_svm,0.9
system_prompt,10,23,rf,0.7666666666666667
system_prompt,10,23,1nn,0.7
system_prompt,10,23,linear_svm,0.9
system_prompt,10,23,rbf_svm,0.8
system_prompt,10,24,rf,0.8333333333333334
system_prompt,10,24,1nn,0.7
system_prompt,10,24,linear_svm,0.9333333333333333
system_prompt,10,24,rbf_svm,0.7666666666666667
system_prompt,10,25,rf,0.8
system_prompt,10,25,1nn,0.8
system_prompt,10,25,linear_svm,0.8666666666666667
system_prompt,10,25,rbf_svm,0.8333333333333334
system_prompt,10,26,rf,0.7
system_prompt,10,26,1nn,0.7
system_prompt,10,26,linear_svm,0.7
system_prompt,10,26,rbf_svm,0.5666666666666667
system_prompt,10,27,rf,0.8
system_prompt,10,27,1nn,0.8666666666666667
system_prompt,10,27,linear_svm,0.9
system_prompt,10,27,rbf_svm,0.8333333333333334
system_prompt,10,28,rf,0.9
system_prompt,10,28,1nn,0.8666666666666667
system_prompt,10,28,linear_svm,0.9333333333333333
system_prompt,10,28,rbf_svm,0.9666666666666667
system_prompt,10,29,rf,0.6
system_prompt,10,29,1nn,0.6
system_prompt,10,29,linear_svm,0.4666666666666667
system_prompt,10,29,rbf_svm,0.5666666666666667
system_prompt,10,30,rf,0.6
system_prompt,10,30,1nn,0.5666666666666667
system_prompt,10,30,linear_svm,0.7
system_prompt,10,30,rbf_svm,0.5666666666666667
system_prompt,10,31,rf,0.8333333333333334
system_prompt,10,31,1nn,0.8333333333333334
system_prompt,10,31,linear_svm,0.8333333333333334
system_prompt,10,31,rbf_svm,0.8666666666666667
system_prompt,10,32,rf,0.9333333333333333
system_prompt,10,32,1nn,0.8666666666666667
system_prompt,10,32,linear_svm,0.9
system_prompt,10,32,rbf_svm,0.9
system_prompt,10,33,rf,0.8
system_prompt,10,33,1nn,0.7333333333333333
system_prompt,10,33,linear_svm,0.8333333333333334
system_prompt,10,33,rbf_svm,0.8333333333333334
system_prompt,10,34,rf,0.7333333333333333
system_prompt,10,34,1nn,0.7
system_prompt,10,34,linear_svm,0.9
system_prompt,10,34,rbf_svm,0.8666666666666667
system_prompt,10,35,rf,0.4666666666666667
system_prompt,10,35,1nn,0.43333333333333335
system_prompt,10,35,linear_svm,0.5333333333333333
system_prompt,10,35,rbf_svm,0.4666666666666667
system_prompt,10,36,rf,0.7333333333333333
system_prompt,10,36,1nn,0.8
system_prompt,10,36,linear_svm,0.8333333333333334
system_prompt,10,36,rbf_svm,0.7666666666666667
system_prompt,10,37,rf,0.7666666666666667
system_prompt,10,37,1nn,0.7333333333333333
system_prompt,10,37,linear_svm,0.8
system_prompt,10,37,rbf_svm,0.8333333333333334
system_prompt,10,38,rf,0.7
system_prompt,10,38,1nn,0.6333333333333333
system_prompt,10,38,linear_svm,0.6666666666666666
system_prompt,10,38,rbf_svm,0.7
system_prompt,10,39,rf,0.7666666666666667
system_prompt,10,39,1nn,0.7333333333333333
system_prompt,10,39,linear_svm,0.9666666666666667
system_prompt,10,39,rbf_svm,0.8666666666666667
system_prompt,10,40,rf,0.7
system_prompt,10,40,1nn,0.6
system_prompt,10,40,linear_svm,0.5333333333333333
system_prompt,10,40,rbf_svm,0.43333333333333335
system_prompt,10,41,rf,0.7333333333333333
system_prompt,10,41,1nn,0.6666666666666666
system_prompt,10,41,linear_svm,0.8333333333333334
system_prompt,10,41,rbf_svm,0.7333333333333333
system_prompt,10,42,rf,0.7666666666666667
system_prompt,10,42,1nn,0.6333333333333333
system_prompt,10,42,linear_svm,0.7666666666666667
system_prompt,10,42,rbf_svm,0.6666666666666666
system_prompt,10,43,rf,0.7666666666666667
system_prompt,10,43,1nn,0.7
system_prompt,10,43,linear_svm,0.9333333333333333
system_prompt,10,43,rbf_svm,0.8333333333333334
system_prompt,10,44,rf,0.7333333333333333
system_prompt,10,44,1nn,0.6333333333333333
system_prompt,10,44,linear_svm,0.8
system_prompt,10,44,rbf_svm,0.7333333333333333
system_prompt,10,45,rf,0.6
system_prompt,10,45,1nn,0.3333333333333333
system_prompt,10,45,linear_svm,0.5
system_prompt,10,45,rbf_svm,0.5
system_prompt,10,46,rf,0.7333333333333333
system_prompt,10,46,1nn,0.7
system_prompt,10,46,linear_svm,0.8
system_prompt,10,46,rbf_svm,0.7666666666666667
system_prompt,10,47,rf,0.8666666666666667
system_prompt,10,47,1nn,0.8333333333333334
system_prompt,10,47,linear_svm,0.9666666666666667
system_prompt,10,47,rbf_svm,0.9333333333333333
system_prompt,10,48,rf,0.8666666666666667
system_prompt,10,48,1nn,0.6333333333333333
system_prompt,10,48,linear_svm,0.8
system_prompt,10,48,rbf_svm,0.7666666666666667
system_prompt,10,49,rf,0.8333333333333334
system_prompt,10,49,1nn,0.9
system_prompt,10,49,linear_svm,0.8333333333333334
system_prompt,10,49,rbf_svm,0.8333333333333334
system_prompt,25,0,rf,0.8333333333333334
system_prompt,25,0,1nn,0.6333333333333333
system_prompt,25,0,linear_svm,0.7
system_prompt,25,0,rbf_svm,0.6333333333333333
system_prompt,25,1,rf,0.9666666666666667
system_prompt,25,1,1nn,0.7333333333333333
system_prompt,25,1,linear_svm,1.0
system_prompt,25,1,rbf_svm,0.8333333333333334
system_prompt,25,2,rf,0.9666666666666667
system_prompt,25,2,1nn,0.8333333333333334
system_prompt,25,2,linear_svm,1.0
system_prompt,25,2,rbf_svm,0.9666666666666667
system_prompt,25,3,rf,0.9333333333333333
system_prompt,25,3,1nn,0.7666666666666667
system_prompt,25,3,linear_svm,0.9666666666666667
system_prompt,25,3,rbf_svm,0.8333333333333334
system_prompt,25,4,rf,0.8666666666666667
system_prompt,25,4,1nn,0.7666666666666667
system_prompt,25,4,linear_svm,0.9
system_prompt,25,4,rbf_svm,0.8666666666666667
system_prompt,25,5,rf,0.9666666666666667
system_prompt,25,5,1nn,0.8333333333333334
system_prompt,25,5,linear_svm,0.9666666666666667
system_prompt,25,5,rbf_svm,0.8666666666666667
system_prompt,25,6,rf,0.9
system_prompt,25,6,1nn,0.8333333333333334
system_prompt,25,6,linear_svm,0.9333333333333333
system_prompt,25,6,rbf_svm,1.0
system_prompt,25,7,rf,0.8333333333333334
system_prompt,25,7,1nn,0.8
system_prompt,25,7,linear_svm,0.9666666666666667
system_prompt,25,7,rbf_svm,0.8666666666666667
system_prompt,25,8,rf,1.0
system_prompt,25,8,1nn,0.8
system_prompt,25,8,linear_svm,1.0
system_prompt,25,8,rbf_svm,0.9333333333333333
system_prompt,25,9,rf,0.5333333333333333
system_prompt,25,9,1nn,0.5333333333333333
system_prompt,25,9,linear_svm,0.4666666666666667
system_prompt,25,9,rbf_svm,0.43333333333333335
system_prompt,25,10,rf,0.8
system_prompt,25,10,1nn,0.9
system_prompt,25,10,linear_svm,0.9333333333333333
system_prompt,25,10,rbf_svm,0.9
system_prompt,25,11,rf,0.8666666666666667
system_prompt,25,11,1nn,0.8
system_prompt,25,11,linear_svm,0.9666666666666667
system_prompt,25,11,rbf_svm,0.8333333333333334
system_prompt,25,12,rf,0.9333333333333333
system_prompt,25,12,1nn,0.8
system_prompt,25,12,linear_svm,0.9666666666666667
system_prompt,25,12,rbf_svm,0.9
system_prompt,25,13,rf,0.7666666666666667
system_prompt,25,13,1nn,0.6666666666666666
system_prompt,25,13,linear_svm,0.7666666666666667
system_prompt,25,13,rbf_svm,0.6666666666666666
system_prompt,25,14,rf,0.9666666666666667
system_prompt,25,14,1nn,0.7
system_prompt,25,14,linear_svm,0.9666666666666667
system_prompt,25,14,rbf_svm,0.8666666666666667
system_prompt,25,15,rf,0.9
system_prompt,25,15,1nn,0.8333333333333334
system_prompt,25,15,linear_svm,0.9333333333333333
system_prompt,25,15,rbf_svm,0.9
system_prompt,25,16,rf,0.9666666666666667
system_prompt,25,16,1nn,0.8
system_prompt,25,16,linear_svm,0.9666666666666667
system_prompt,25,16,rbf_svm,0.8666666666666667
system_prompt,25,17,rf,0.8666666666666667
system_prompt,25,17,1nn,0.9666666666666667
system_prompt,25,17,linear_svm,1.0
system_prompt,25,17,rbf_svm,1.0
system_prompt,25,18,rf,0.9333333333333333
system_prompt,25,18,1nn,0.7333333333333333
system_prompt,25,18,linear_svm,0.9
system_prompt,25,18,rbf_svm,0.8333333333333334
system_prompt,25,19,rf,0.9333333333333333
system_prompt,25,19,1nn,0.7333333333333333
system_prompt,25,19,linear_svm,1.0
system_prompt,25,19,rbf_svm,0.8333333333333334
system_prompt,25,20,rf,0.9333333333333333
system_prompt,25,20,1nn,0.7
system_prompt,25,20,linear_svm,0.9666666666666667
system_prompt,25,20,rbf_svm,0.7666666666666667
system_prompt,25,21,rf,0.8666666666666667
system_prompt,25,21,1nn,0.5666666666666667
system_prompt,25,21,linear_svm,0.9333333333333333
system_prompt,25,21,rbf_svm,0.7666666666666667
system_prompt,25,22,rf,0.9333333333333333
system_prompt,25,22,1nn,0.7333333333333333
system_prompt,25,22,linear_svm,0.9666666666666667
system_prompt,25,22,rbf_svm,0.8333333333333334
system_prompt,25,23,rf,0.8
system_prompt,25,23,1nn,0.7666666666666667
system_prompt,25,23,linear_svm,0.8
system_prompt,25,23,rbf_svm,0.8
system_prompt,25,24,rf,0.8333333333333334
system_prompt,25,24,1nn,0.8333333333333334
system_prompt,25,24,linear_svm,0.9333333333333333
system_prompt,25,24,rbf_svm,0.8333333333333334
system_prompt,25,25,rf,0.9666666666666667
system_prompt,25,25,1nn,0.7333333333333333
system_prompt,25,25,linear_svm,0.9666666666666667
system_prompt,25,25,rbf_svm,0.7666666666666667
system_prompt,25,26,rf,0.7333333333333333
system_prompt,25,26,1nn,0.8
system_prompt,25,26,linear_svm,0.9
system_prompt,25,26,rbf_svm,0.7333333333333333
system_prompt,25,27,rf,0.7666666666666667
system_prompt,25,27,1nn,0.7333333333333333
system_prompt,25,27,linear_svm,0.9333333333333333
system_prompt,25,27,rbf_svm,0.7666666666666667
system_prompt,25,28,rf,0.8333333333333334
system_prompt,25,28,1nn,0.8333333333333334
system_prompt,25,28,linear_svm,0.8666666666666667
system_prompt,25,28,rbf_svm,0.7666666666666667
system_prompt,25,29,rf,0.9333333333333333
system_prompt,25,29,1nn,0.7
system_prompt,25,29,linear_svm,1.0
system_prompt,25,29,rbf_svm,0.7666666666666667
system_prompt,25,30,rf,0.9666666666666667
system_prompt,25,30,1nn,0.9
system_prompt,25,30,linear_svm,1.0
system_prompt,25,30,rbf_svm,1.0
system_prompt,25,31,rf,0.8666666666666667
system_prompt,25,31,1nn,0.9
system_prompt,25,31,linear_svm,0.9666666666666667
system_prompt,25,31,rbf_svm,0.9333333333333333
system_prompt,25,32,rf,0.9333333333333333
system_prompt,25,32,1nn,0.7333333333333333
system_prompt,25,32,linear_svm,0.9666666666666667
system_prompt,25,32,rbf_svm,0.7333333333333333
system_prompt,25,33,rf,0.7333333333333333
system_prompt,25,33,1nn,0.6
system_prompt,25,33,linear_svm,0.6
system_prompt,25,33,rbf_svm,0.5666666666666667
system_prompt,25,34,rf,0.8333333333333334
system_prompt,25,34,1nn,0.7
system_prompt,25,34,linear_svm,0.8666666666666667
system_prompt,25,34,rbf_svm,0.8333333333333334
system_prompt,25,35,rf,0.8333333333333334
system_prompt,25,35,1nn,0.8
system_prompt,25,35,linear_svm,1.0
system_prompt,25,35,rbf_svm,0.8
system_prompt,25,36,rf,0.8333333333333334
system_prompt,25,36,1nn,0.9666666666666667
system_prompt,25,36,linear_svm,1.0
system_prompt,25,36,rbf_svm,0.9333333333333333
system_prompt,25,37,rf,0.9
system_prompt,25,37,1nn,0.8333333333333334
system_prompt,25,37,linear_svm,0.9666666666666667
system_prompt,25,37,rbf_svm,0.8
system_prompt,25,38,rf,0.8666666666666667
system_prompt,25,38,1nn,0.7333333333333333
system_prompt,25,38,linear_svm,0.9
system_prompt,25,38,rbf_svm,0.7666666666666667
system_prompt,25,39,rf,0.7666666666666667
system_prompt,25,39,1nn,0.7333333333333333
system_prompt,25,39,linear_svm,0.9666666666666667
system_prompt,25,39,rbf_svm,0.9333333333333333
system_prompt,25,40,rf,0.6666666666666666
system_prompt,25,40,1nn,0.7666666666666667
system_prompt,25,40,linear_svm,0.9333333333333333
system_prompt,25,40,rbf_svm,0.9
system_prompt,25,41,rf,0.8333333333333334
system_prompt,25,41,1nn,0.6666666666666666
system_prompt,25,41,linear_svm,0.9
system_prompt,25,41,rbf_svm,0.8333333333333334
system_prompt,25,42,rf,0.9333333333333333
system_prompt,25,42,1nn,0.8
system_prompt,25,42,linear_svm,0.9
system_prompt,25,42,rbf_svm,0.8333333333333334
system_prompt,25,43,rf,0.9
system_prompt,25,43,1nn,0.8
system_prompt,25,43,linear_svm,0.9333333333333333
system_prompt,25,43,rbf_svm,0.8
system_prompt,25,44,rf,0.8
system_prompt,25,44,1nn,0.7333333333333333
system_prompt,25,44,linear_svm,0.9
system_prompt,25,44,rbf_svm,0.8666666666666667
system_prompt,25,45,rf,0.7
system_prompt,25,45,1nn,0.5666666666666667
system_prompt,25,45,linear_svm,0.43333333333333335
system_prompt,25,45,rbf_svm,0.5333333333333333
system_prompt,25,46,rf,1.0
system_prompt,25,46,1nn,0.7
system_prompt,25,46,linear_svm,0.9666666666666667
system_prompt,25,46,rbf_svm,0.9
system_prompt,25,47,rf,0.8666666666666667
system_prompt,25,47,1nn,0.9
system_prompt,25,47,linear_svm,1.0
system_prompt,25,47,rbf_svm,0.9333333333333333
system_prompt,25,48,rf,0.9333333333333333
system_prompt,25,48,1nn,0.8333333333333334
system_prompt,25,48,linear_svm,0.9333333333333333
system_prompt,25,48,rbf_svm,0.8333333333333334
system_prompt,25,49,rf,0.8
system_prompt,25,49,1nn,0.9
system_prompt,25,49,linear_svm,1.0
system_prompt,25,49,rbf_svm,0.9333333333333333
system_prompt,50,0,rf,0.8
system_prompt,50,0,1nn,0.9
system_prompt,50,0,linear_svm,1.0
system_prompt,50,0,rbf_svm,0.9333333333333333
system_prompt,50,1,rf,1.0
system_prompt,50,1,1nn,0.8666666666666667
system_prompt,50,1,linear_svm,1.0
system_prompt,50,1,rbf_svm,0.9333333333333333
system_prompt,50,2,rf,1.0
system_prompt,50,2,1nn,0.8666666666666667
system_prompt,50,2,linear_svm,0.9666666666666667
system_prompt,50,2,rbf_svm,0.9
system_prompt,50,3,rf,0.8
system_prompt,50,3,1nn,0.7333333333333333
system_prompt,50,3,linear_svm,1.0
system_prompt,50,3,rbf_svm,0.8666666666666667
system_prompt,50,4,rf,0.9
system_prompt,50,4,1nn,0.7
system_prompt,50,4,linear_svm,1.0
system_prompt,50,4,rbf_svm,0.8
system_prompt,50,5,rf,0.8
system_prompt,50,5,1nn,0.6666666666666666
system_prompt,50,5,linear_svm,0.9333333333333333
system_prompt,50,5,rbf_svm,0.7666666666666667
system_prompt,50,6,rf,0.9333333333333333
system_prompt,50,6,1nn,0.8333333333333334
system_prompt,50,6,linear_svm,0.9666666666666667
system_prompt,50,6,rbf_svm,0.9333333333333333
system_prompt,50,7,rf,0.9333333333333333
system_prompt,50,7,1nn,0.8
system_prompt,50,7,linear_svm,1.0
system_prompt,50,7,rbf_svm,0.8333333333333334
system_prompt,50,8,rf,1.0
system_prompt,50,8,1nn,0.8666666666666667
system_prompt,50,8,linear_svm,1.0
system_prompt,50,8,rbf_svm,0.9333333333333333
system_prompt,50,9,rf,0.8666666666666667
system_prompt,50,9,1nn,0.7666666666666667
system_prompt,50,9,linear_svm,0.9666666666666667
system_prompt,50,9,rbf_svm,0.7666666666666667
system_prompt,50,10,rf,0.9
system_prompt,50,10,1nn,0.8333333333333334
system_prompt,50,10,linear_svm,1.0
system_prompt,50,10,rbf_svm,0.9
system_prompt,50,11,rf,0.9
system_prompt,50,11,1nn,0.7666666666666667
system_prompt,50,11,linear_svm,1.0
system_prompt,50,11,rbf_svm,0.9
system_prompt,50,12,rf,0.9666666666666667
system_prompt,50,12,1nn,0.8
system_prompt,50,12,linear_svm,1.0
system_prompt,50,12,rbf_svm,0.8666666666666667
system_prompt,50,13,rf,0.8666666666666667
system_prompt,50,13,1nn,0.7333333333333333
system_prompt,50,13,linear_svm,1.0
system_prompt,50,13,rbf_svm,0.8666666666666667
system_prompt,50,14,rf,0.9333333333333333
system_prompt,50,14,1nn,0.8
system_prompt,50,14,linear_svm,0.9666666666666667
system_prompt,50,14,rbf_svm,0.8333333333333334
system_prompt,50,15,rf,0.9666666666666667
system_prompt,50,15,1nn,0.9666666666666667
system_prompt,50,15,linear_svm,1.0
system_prompt,50,15,rbf_svm,1.0
system_prompt,50,16,rf,0.9
system_prompt,50,16,1nn,0.6666666666666666
system_prompt,50,16,linear_svm,1.0
system_prompt,50,16,rbf_svm,0.7666666666666667
system_prompt,50,17,rf,0.9333333333333333
system_prompt,50,17,1nn,0.6333333333333333
system_prompt,50,17,linear_svm,0.9666666666666667
system_prompt,50,17,rbf_svm,0.8333333333333334
system_prompt,50,18,rf,0.8333333333333334
system_prompt,50,18,1nn,0.7333333333333333
system_prompt,50,18,linear_svm,1.0
system_prompt,50,18,rbf_svm,0.8333333333333334
system_prompt,50,19,rf,1.0
system_prompt,50,19,1nn,0.7333333333333333
system_prompt,50,19,linear_svm,0.9666666666666667
system_prompt,50,19,rbf_svm,0.8
system_prompt,50,20,rf,0.9666666666666667
system_prompt,50,20,1nn,0.7
system_prompt,50,20,linear_svm,0.9
system_prompt,50,20,rbf_svm,0.7666666666666667
system_prompt,50,21,rf,1.0
system_prompt,50,21,1nn,0.8333333333333334
system_prompt,50,21,linear_svm,1.0
system_prompt,50,21,rbf_svm,0.9
system_prompt,50,22,rf,0.9
system_prompt,50,22,1nn,0.7333333333333333
system_prompt,50,22,linear_svm,1.0
system_prompt,50,22,rbf_svm,0.8
system_prompt,50,23,rf,0.9
system_prompt,50,23,1nn,0.9
system_prompt,50,23,linear_svm,1.0
system_prompt,50,23,rbf_svm,1.0
system_prompt,50,24,rf,0.9333333333333333
system_prompt,50,24,1nn,0.7
system_prompt,50,24,linear_svm,0.9666666666666667
system_prompt,50,24,rbf_svm,0.8
system_prompt,50,25,rf,0.9
system_prompt,50,25,1nn,0.9333333333333333
system_prompt,50,25,linear_svm,1.0
system_prompt,50,25,rbf_svm,0.9333333333333333
system_prompt,50,26,rf,0.8666666666666667
system_prompt,50,26,1nn,0.8333333333333334
system_prompt,50,26,linear_svm,1.0
system_prompt,50,26,rbf_svm,0.9
system_prompt,50,27,rf,0.8666666666666667
system_prompt,50,27,1nn,0.9
system_prompt,50,27,linear_svm,1.0
system_prompt,50,27,rbf_svm,0.9333333333333333
system_prompt,50,28,rf,1.0
system_prompt,50,28,1nn,0.9333333333333333
system_prompt,50,28,linear_svm,1.0
system_prompt,50,28,rbf_svm,1.0
system_prompt,50,29,rf,0.8333333333333334
system_prompt,50,29,1nn,0.7666666666666667
system_prompt,50,29,linear_svm,0.8666666666666667
system_prompt,50,29,rbf_svm,0.7333333333333333
system_prompt,50,30,rf,0.9666666666666667
system_prompt,50,30,1nn,0.7
system_prompt,50,30,linear_svm,0.9666666666666667
system_prompt,50,30,rbf_svm,0.7666666666666667
system_prompt,50,31,rf,0.9
system_prompt,50,31,1nn,0.7666666666666667
system_prompt,50,31,linear_svm,1.0
system_prompt,50,31,rbf_svm,0.8
system_prompt,50,32,rf,0.7666666666666667
system_prompt,50,32,1nn,0.6666666666666666
system_prompt,50,32,linear_svm,1.0
system_prompt,50,32,rbf_svm,0.8
system_prompt,50,33,rf,1.0
system_prompt,50,33,1nn,0.8333333333333334
system_prompt,50,33,linear_svm,0.9666666666666667
system_prompt,50,33,rbf_svm,0.8666666666666667
system_prompt,50,34,rf,0.7333333333333333
system_prompt,50,34,1nn,1.0
system_prompt,50,34,linear_svm,1.0
system_prompt,50,34,rbf_svm,0.9333333333333333
system_prompt,50,35,rf,0.9
system_prompt,50,35,1nn,0.9
system_prompt,50,35,linear_svm,1.0
system_prompt,50,35,rbf_svm,0.9333333333333333
system_prompt,50,36,rf,1.0
system_prompt,50,36,1nn,0.9
system_prompt,50,36,linear_svm,1.0
system_prompt,50,36,rbf_svm,0.9333333333333333
system_prompt,50,37,rf,0.9666666666666667
system_prompt,50,37,1nn,0.7666666666666667
system_prompt,50,37,linear_svm,1.0
system_prompt,50,37,rbf_svm,0.8333333333333334
system_prompt,50,38,rf,0.9
system_prompt,50,38,1nn,0.8666666666666667
system_prompt,50,38,linear_svm,1.0
system_prompt,50,38,rbf_svm,1.0
system_prompt,50,39,rf,0.9333333333333333
system_prompt,50,39,1nn,0.7666666666666667
system_prompt,50,39,linear_svm,0.9666666666666667
system_prompt,50,39,rbf_svm,0.9333333333333333
system_prompt,50,40,rf,0.9
system_prompt,50,40,1nn,0.8666666666666667
system_prompt,50,40,linear_svm,1.0
system_prompt,50,40,rbf_svm,0.9
system_prompt,50,41,rf,0.8333333333333334
system_prompt,50,41,1nn,0.8333333333333334
system_prompt,50,41,linear_svm,1.0
system_prompt,50,41,rbf_svm,0.8333333333333334
system_prompt,50,42,rf,0.9333333333333333
system_prompt,50,42,1nn,0.8333333333333334
system_prompt,50,42,linear_svm,1.0
system_prompt,50,42,rbf_svm,0.9
system_prompt,50,43,rf,0.9333333333333333
system_prompt,50,43,1nn,0.9
system_prompt,50,43,linear_svm,0.9666666666666667
system_prompt,50,43,rbf_svm,0.9333333333333333
system_prompt,50,44,rf,0.9333333333333333
system_prompt,50,44,1nn,0.7
system_prompt,50,44,linear_svm,0.9666666666666667
system_prompt,50,44,rbf_svm,0.8666666666666667
system_prompt,50,45,rf,0.9333333333333333
system_prompt,50,45,1nn,0.8333333333333334
system_prompt,50,45,linear_svm,0.9333333333333333
system_prompt,50,45,rbf_svm,0.9
system_prompt,50,46,rf,0.9333333333333333
system_prompt,50,46,1nn,0.8
system_prompt,50,46,linear_svm,1.0
system_prompt,50,46,rbf_svm,0.8666666666666667
system_prompt,50,47,rf,0.9
system_prompt,50,47,1nn,0.9333333333333333
system_prompt,50,47,linear_svm,1.0
system_prompt,50,47,rbf_svm,0.9333333333333333
system_prompt,50,48,rf,1.0
system_prompt,50,48,1nn,0.9
system_prompt,50,48,linear_svm,1.0
system_prompt,50,48,rbf_svm,0.9
system_prompt,50,49,rf,1.0
system_prompt,50,49,1nn,0.9
system_prompt,50,49,linear_svm,1.0
system_prompt,50,49,rbf_svm,0.9333333333333333
system_prompt,100,0,rf,0.9333333333333333
system_prompt,100,0,1nn,0.8333333333333334
system_prompt,100,0,linear_svm,1.0
system_prompt,100,0,rbf_svm,0.9
system_prompt,100,1,rf,0.9666666666666667
system_prompt,100,1,1nn,0.9
system_prompt,100,1,linear_svm,1.0
system_prompt,100,1,rbf_svm,0.9666666666666667
system_prompt,100,2,rf,0.9
system_prompt,100,2,1nn,0.7666666666666667
system_prompt,100,2,linear_svm,1.0
system_prompt,100,2,rbf_svm,0.8666666666666667
system_prompt,100,3,rf,0.9333333333333333
system_prompt,100,3,1nn,0.9666666666666667
system_prompt,100,3,linear_svm,1.0
system_prompt,100,3,rbf_svm,0.9666666666666667
system_prompt,100,4,rf,0.9666666666666667
system_prompt,100,4,1nn,0.8666666666666667
system_prompt,100,4,linear_svm,1.0
system_prompt,100,4,rbf_svm,0.8333333333333334
system_prompt,100,5,rf,0.9666666666666667
system_prompt,100,5,1nn,0.7
system_prompt,100,5,linear_svm,1.0
system_prompt,100,5,rbf_svm,0.8666666666666667
system_prompt,100,6,rf,0.9333333333333333
system_prompt,100,6,1nn,0.8666666666666667
system_prompt,100,6,linear_svm,1.0
system_prompt,100,6,rbf_svm,1.0
system_prompt,100,7,rf,0.9666666666666667
system_prompt,100,7,1nn,0.9
system_prompt,100,7,linear_svm,1.0
system_prompt,100,7,rbf_svm,0.8666666666666667
system_prompt,100,8,rf,0.9333333333333333
system_prompt,100,8,1nn,0.9333333333333333
system_prompt,100,8,linear_svm,1.0
system_prompt,100,8,rbf_svm,0.9666666666666667
system_prompt,100,9,rf,0.9333333333333333
system_prompt,100,9,1nn,0.8333333333333334
system_prompt,100,9,linear_svm,1.0
system_prompt,100,9,rbf_svm,0.8666666666666667
system_prompt,100,10,rf,0.9666666666666667
system_prompt,100,10,1nn,0.8
system_prompt,100,10,linear_svm,1.0
system_prompt,100,10,rbf_svm,0.9333333333333333
system_prompt,100,11,rf,1.0
system_prompt,100,11,1nn,0.8333333333333334
system_prompt,100,11,linear_svm,1.0
system_prompt,100,11,rbf_svm,0.9333333333333333
system_prompt,100,12,rf,1.0
system_prompt,100,12,1nn,0.7666666666666667
system_prompt,100,12,linear_svm,1.0
system_prompt,100,12,rbf_svm,0.9
system_prompt,100,13,rf,0.9333333333333333
system_prompt,100,13,1nn,0.8
system_prompt,100,13,linear_svm,1.0
system_prompt,100,13,rbf_svm,0.8
system_prompt,100,14,rf,0.9666666666666667
system_prompt,100,14,1nn,0.9
system_prompt,100,14,linear_svm,1.0
system_prompt,100,14,rbf_svm,0.9333333333333333
system_prompt,100,15,rf,0.9333333333333333
system_prompt,100,15,1nn,0.8
system_prompt,100,15,linear_svm,1.0
system_prompt,100,15,rbf_svm,0.9333333333333333
system_prompt,100,16,rf,0.9666666666666667
system_prompt,100,16,1nn,0.9333333333333333
system_prompt,100,16,linear_svm,1.0
system_prompt,100,16,rbf_svm,0.9
system_prompt,100,17,rf,1.0
system_prompt,100,17,1nn,0.8
system_prompt,100,17,linear_svm,1.0
system_prompt,100,17,rbf_svm,0.9333333333333333
system_prompt,100,18,rf,0.9666666666666667
system_prompt,100,18,1nn,0.8333333333333334
system_prompt,100,18,linear_svm,1.0
system_prompt,100,18,rbf_svm,0.9
system_prompt,100,19,rf,0.9333333333333333
system_prompt,100,19,1nn,0.8666666666666667
system_prompt,100,19,linear_svm,1.0
system_prompt,100,19,rbf_svm,0.9
system_prompt,100,20,rf,0.9666666666666667
system_prompt,100,20,1nn,0.8333333333333334
system_prompt,100,20,linear_svm,1.0
system_prompt,100,20,rbf_svm,0.8666666666666667
system_prompt,100,21,rf,0.9666666666666667
system_prompt,100,21,1nn,0.9
system_prompt,100,21,linear_svm,1.0
system_prompt,100,21,rbf_svm,0.9333333333333333
system_prompt,100,22,rf,1.0
system_prompt,100,22,1nn,0.8333333333333334
system_prompt,100,22,linear_svm,1.0
system_prompt,100,22,rbf_svm,0.9666666666666667
system_prompt,100,23,rf,0.9333333333333333
system_prompt,100,23,1nn,0.8666666666666667
system_prompt,100,23,linear_svm,1.0
system_prompt,100,23,rbf_svm,0.9333333333333333
system_prompt,100,24,rf,0.9333333333333333
system_prompt,100,24,1nn,0.8333333333333334
system_prompt,100,24,linear_svm,1.0
system_prompt,100,24,rbf_svm,0.9666666666666667
system_prompt,100,25,rf,0.9
system_prompt,100,25,1nn,0.8333333333333334
system_prompt,100,25,linear_svm,1.0
system_prompt,100,25,rbf_svm,0.9333333333333333
system_prompt,100,26,rf,0.9666666666666667
system_prompt,100,26,1nn,0.8333333333333334
system_prompt,100,26,linear_svm,1.0
system_prompt,100,26,rbf_svm,0.9666666666666667
system_prompt,100,27,rf,0.9666666666666667
system_prompt,100,27,1nn,0.8666666666666667
system_prompt,100,27,linear_svm,1.0
system_prompt,100,27,rbf_svm,0.8666666666666667
system_prompt,100,28,rf,1.0
system_prompt,100,28,1nn,0.9333333333333333
system_prompt,100,28,linear_svm,1.0
system_prompt,100,28,rbf_svm,0.8666666666666667
system_prompt,100,29,rf,0.9666666666666667
system_prompt,100,29,1nn,0.9333333333333333
system_prompt,100,29,linear_svm,1.0
system_prompt,100,29,rbf_svm,0.9666666666666667
system_prompt,100,30,rf,1.0
system_prompt,100,30,1nn,0.8333333333333334
system_prompt,100,30,linear_svm,1.0
system_prompt,100,30,rbf_svm,0.9
system_prompt,100,31,rf,0.9666666666666667
system_prompt,100,31,1nn,0.8
system_prompt,100,31,linear_svm,1.0
system_prompt,100,31,rbf_svm,0.8666666666666667
system_prompt,100,32,rf,0.9333333333333333
system_prompt,100,32,1nn,0.9
system_prompt,100,32,linear_svm,1.0
system_prompt,100,32,rbf_svm,0.9666666666666667
system_prompt,100,33,rf,0.9666666666666667
system_prompt,100,33,1nn,0.8333333333333334
system_prompt,100,33,linear_svm,1.0
system_prompt,100,33,rbf_svm,0.9333333333333333
system_prompt,100,34,rf,0.9333333333333333
system_prompt,100,34,1nn,0.8666666666666667
system_prompt,100,34,linear_svm,1.0
system_prompt,100,34,rbf_svm,0.9333333333333333
system_prompt,100,35,rf,1.0
system_prompt,100,35,1nn,0.9666666666666667
system_prompt,100,35,linear_svm,1.0
system_prompt,100,35,rbf_svm,1.0
system_prompt,100,36,rf,1.0
system_prompt,100,36,1nn,0.8
system_prompt,100,36,linear_svm,1.0
system_prompt,100,36,rbf_svm,0.9
system_prompt,100,37,rf,0.9666666666666667
system_prompt,100,37,1nn,0.8666666666666667
system_prompt,100,37,linear_svm,1.0
system_prompt,100,37,rbf_svm,0.9666666666666667
system_prompt,100,38,rf,0.9666666666666667
system_prompt,100,38,1nn,0.7666666666666667
system_prompt,100,38,linear_svm,1.0
system_prompt,100,38,rbf_svm,0.9
system_prompt,100,39,rf,0.9666666666666667
system_prompt,100,39,1nn,0.8
system_prompt,100,39,linear_svm,1.0
system_prompt,100,39,rbf_svm,0.8333333333333334
system_prompt,100,40,rf,0.9333333333333333
system_prompt,100,40,1nn,0.8666666666666667
system_prompt,100,40,linear_svm,1.0
system_prompt,100,40,rbf_svm,1.0
system_prompt,100,41,rf,0.9666666666666667
system_prompt,100,41,1nn,0.8666666666666667
system_prompt,100,41,linear_svm,1.0
system_prompt,100,41,rbf_svm,0.9333333333333333
system_prompt,100,42,rf,0.9333333333333333
system_prompt,100,42,1nn,0.9
system_prompt,100,42,linear_svm,1.0
system_prompt,100,42,rbf_svm,0.9
system_prompt,100,43,rf,0.9666666666666667
system_prompt,100,43,1nn,0.7333333333333333
system_prompt,100,43,linear_svm,1.0
system_prompt,100,43,rbf_svm,0.8666666666666667
system_prompt,100,44,rf,0.9333333333333333
system_prompt,100,44,1nn,0.9
system_prompt,100,44,linear_svm,1.0
system_prompt,100,44,rbf_svm,0.9666666666666667
system_prompt,100,45,rf,0.9333333333333333
system_prompt,100,45,1nn,0.8
system_prompt,100,45,linear_svm,1.0
system_prompt,100,45,rbf_svm,0.9
system_prompt,100,46,rf,0.9333333333333333
system_prompt,100,46,1nn,0.8
system_prompt,100,46,linear_svm,1.0
system_prompt,100,46,rbf_svm,0.9666666666666667
system_prompt,100,47,rf,0.9666666666666667
system_prompt,100,47,1nn,0.7666666666666667
system_prompt,100,47,linear_svm,1.0
system_prompt,100,47,rbf_svm,0.8
system_prompt,100,48,rf,0.9666666666666667
system_prompt,100,48,1nn,0.9666666666666667
system_prompt,100,48,linear_svm,1.0
system_prompt,100,48,rbf_svm,0.9666666666666667
system_prompt,100,49,rf,0.9666666666666667
system_prompt,100,49,1nn,0.7666666666666667
system_prompt,100,49,linear_svm,1.0
system_prompt,100,49,rbf_svm,0.9
rag,1,0,rf,1.0
rag,1,0,1nn,0.9722222222222222
rag,1,0,linear_svm,0.9166666666666666
rag,1,0,rbf_svm,0.9722222222222222
rag,1,1,rf,0.8055555555555556
rag,1,1,1nn,0.7222222222222222
rag,1,1,linear_svm,0.8888888888888888
rag,1,1,rbf_svm,0.8888888888888888
rag,1,2,rf,0.4166666666666667
rag,1,2,1nn,0.9166666666666666
rag,1,2,linear_svm,0.5555555555555556
rag,1,2,rbf_svm,0.5555555555555556
rag,1,3,rf,0.9166666666666666
rag,1,3,1nn,0.9444444444444444
rag,1,3,linear_svm,0.9166666666666666
rag,1,3,rbf_svm,0.9166666666666666
rag,1,4,rf,0.8055555555555556
rag,1,4,1nn,0.8333333333333334
rag,1,4,linear_svm,0.7777777777777778
rag,1,4,rbf_svm,0.8055555555555556
rag,1,5,rf,0.6944444444444444
rag,1,5,1nn,0.7777777777777778
rag,1,5,linear_svm,0.7777777777777778
rag,1,5,rbf_svm,0.8055555555555556
rag,1,6,rf,0.7777777777777778
rag,1,6,1nn,0.7222222222222222
rag,1,6,linear_svm,0.8333333333333334
rag,1,6,rbf_svm,0.8333333333333334
rag,1,7,rf,0.75
rag,1,7,1nn,0.8888888888888888
rag,1,7,linear_svm,0.6944444444444444
rag,1,7,rbf_svm,0.7222222222222222
rag,1,8,rf,0.9166666666666666
rag,1,8,1nn,0.9444444444444444
rag,1,8,linear_svm,0.9166666666666666
rag,1,8,rbf_svm,0.9166666666666666
rag,1,9,rf,0.8333333333333334
rag,1,9,1nn,0.9166666666666666
rag,1,9,linear_svm,0.9166666666666666
rag,1,9,rbf_svm,0.9166666666666666
rag,1,10,rf,0.9722222222222222
rag,1,10,1nn,0.8888888888888888
rag,1,10,linear_svm,0.8611111111111112
rag,1,10,rbf_svm,0.9166666666666666
rag,1,11,rf,0.75
rag,1,11,1nn,0.7777777777777778
rag,1,11,linear_svm,0.7777777777777778
rag,1,11,rbf_svm,0.7777777777777778
rag,1,12,rf,1.0
rag,1,12,1nn,0.9722222222222222
rag,1,12,linear_svm,0.9722222222222222
rag,1,12,rbf_svm,0.9722222222222222
rag,1,13,rf,1.0
rag,1,13,1nn,1.0
rag,1,13,linear_svm,0.9722222222222222
rag,1,13,rbf_svm,1.0
rag,1,14,rf,0.8333333333333334
rag,1,14,1nn,0.8611111111111112
rag,1,14,linear_svm,0.6111111111111112
rag,1,14,rbf_svm,0.7222222222222222
rag,1,15,rf,0.8333333333333334
rag,1,15,1nn,0.8888888888888888
rag,1,15,linear_svm,0.8611111111111112
rag,1,15,rbf_svm,0.8611111111111112
rag,1,16,rf,0.6666666666666666
rag,1,16,1nn,0.6666666666666666
rag,1,16,linear_svm,0.5833333333333334
rag,1,16,rbf_svm,0.4722222222222222
rag,1,17,rf,0.8888888888888888
rag,1,17,1nn,0.8611111111111112
rag,1,17,linear_svm,0.8333333333333334
rag,1,17,rbf_svm,0.8611111111111112
rag,1,18,rf,0.9166666666666666
rag,1,18,1nn,0.9166666666666666
rag,1,18,linear_svm,0.8888888888888888
rag,1,18,rbf_svm,0.9444444444444444
rag,1,19,rf,0.4722222222222222
rag,1,19,1nn,0.5833333333333334
rag,1,19,linear_svm,0.5833333333333334
rag,1,19,rbf_svm,0.5
rag,1,20,rf,1.0
rag,1,20,1nn,1.0
rag,1,20,linear_svm,0.9722222222222222
rag,1,20,rbf_svm,0.9722222222222222
rag,1,21,rf,0.9166666666666666
rag,1,21,1nn,0.9444444444444444
rag,1,21,linear_svm,0.8888888888888888
rag,1,21,rbf_svm,0.9166666666666666
rag,1,22,rf,1.0
rag,1,22,1nn,1.0
rag,1,22,linear_svm,1.0
rag,1,22,rbf_svm,1.0
rag,1,23,rf,0.8333333333333334
rag,1,23,1nn,0.8611111111111112
rag,1,23,linear_svm,0.8888888888888888
rag,1,23,rbf_svm,0.8333333333333334
rag,1,24,rf,0.8888888888888888
rag,1,24,1nn,0.8888888888888888
rag,1,24,linear_svm,0.7222222222222222
rag,1,24,rbf_svm,0.8888888888888888
rag,1,25,rf,0.8611111111111112
rag,1,25,1nn,0.7777777777777778
rag,1,25,linear_svm,0.8055555555555556
rag,1,25,rbf_svm,0.8333333333333334
rag,1,26,rf,0.75
rag,1,26,1nn,0.8888888888888888
rag,1,26,linear_svm,0.75
rag,1,26,rbf_svm,0.75
rag,1,27,rf,0.7777777777777778
rag,1,27,1nn,0.7222222222222222
rag,1,27,linear_svm,0.8055555555555556
rag,1,27,rbf_svm,0.8055555555555556
rag,1,28,rf,0.9722222222222222
rag,1,28,1nn,0.8888888888888888
rag,1,28,linear_svm,0.8888888888888888
rag,1,28,rbf_svm,0.9444444444444444
rag,1,29,rf,0.9444444444444444
rag,1,29,1nn,0.9722222222222222
rag,1,29,linear_svm,0.9166666666666666
rag,1,29,rbf_svm,0.9166666666666666
rag,1,30,rf,0.4722222222222222
rag,1,30,1nn,0.5555555555555556
rag,1,30,linear_svm,0.5555555555555556
rag,1,30,rbf_svm,0.4722222222222222
rag,1,31,rf,0.9166666666666666
rag,1,31,1nn,0.8888888888888888
rag,1,31,linear_svm,0.8888888888888888
rag,1,31,rbf_svm,0.9444444444444444
rag,1,32,rf,0.9444444444444444
rag,1,32,1nn,0.9444444444444444
rag,1,32,linear_svm,0.9444444444444444
rag,1,32,rbf_svm,0.9444444444444444
rag,1,33,rf,0.7777777777777778
rag,1,33,1nn,0.8611111111111112
rag,1,33,linear_svm,0.6666666666666666
rag,1,33,rbf_svm,0.6666666666666666
rag,1,34,rf,0.5555555555555556
rag,1,34,1nn,0.8055555555555556
rag,1,34,linear_svm,0.6388888888888888
rag,1,34,rbf_svm,0.6388888888888888
rag,1,35,rf,1.0
rag,1,35,1nn,1.0
rag,1,35,linear_svm,0.8333333333333334
rag,1,35,rbf_svm,0.9444444444444444
rag,1,36,rf,0.5555555555555556
rag,1,36,1nn,0.5277777777777778
rag,1,36,linear_svm,0.6388888888888888
rag,1,36,rbf_svm,0.5277777777777778
rag,1,37,rf,0.8611111111111112
rag,1,37,1nn,0.9166666666666666
rag,1,37,linear_svm,0.8888888888888888
rag,1,37,rbf_svm,0.9166666666666666
rag,1,38,rf,0.8888888888888888
rag,1,38,1nn,0.8055555555555556
rag,1,38,linear_svm,0.8055555555555556
rag,1,38,rbf_svm,0.8888888888888888
rag,1,39,rf,0.75
rag,1,39,1nn,0.7222222222222222
rag,1,39,linear_svm,0.8055555555555556
rag,1,39,rbf_svm,0.8055555555555556
rag,1,40,rf,0.8611111111111112
rag,1,40,1nn,0.8611111111111112
rag,1,40,linear_svm,0.6666666666666666
rag,1,40,rbf_svm,0.8333333333333334
rag,1,41,rf,0.7777777777777778
rag,1,41,1nn,0.8888888888888888
rag,1,41,linear_svm,0.7777777777777778
rag,1,41,rbf_svm,0.7777777777777778
rag,1,42,rf,0.9722222222222222
rag,1,42,1nn,1.0
rag,1,42,linear_svm,0.8888888888888888
rag,1,42,rbf_svm,0.9444444444444444
rag,1,43,rf,0.9444444444444444
rag,1,43,1nn,1.0
rag,1,43,linear_svm,0.9444444444444444
rag,1,43,rbf_svm,1.0
rag,1,44,rf,0.8333333333333334
rag,1,44,1nn,0.8333333333333334
rag,1,44,linear_svm,0.8888888888888888
rag,1,44,rbf_svm,0.8611111111111112
rag,1,45,rf,0.9722222222222222
rag,1,45,1nn,0.9722222222222222
rag,1,45,linear_svm,0.8055555555555556
rag,1,45,rbf_svm,0.9444444444444444
rag,1,46,rf,0.7222222222222222
rag,1,46,1nn,0.6666666666666666
rag,1,46,linear_svm,0.75
rag,1,46,rbf_svm,0.75
rag,1,47,rf,1.0
rag,1,47,1nn,1.0
rag,1,47,linear_svm,1.0
rag,1,47,rbf_svm,1.0
rag,1,48,rf,0.7777777777777778
rag,1,48,1nn,0.8055555555555556
rag,1,48,linear_svm,0.6944444444444444
rag,1,48,rbf_svm,0.7222222222222222
rag,1,49,rf,0.9444444444444444
rag,1,49,1nn,0.9444444444444444
rag,1,49,linear_svm,0.8333333333333334
rag,1,49,rbf_svm,0.9444444444444444
rag,2,0,rf,1.0
rag,2,0,1nn,1.0
rag,2,0,linear_svm,1.0
rag,2,0,rbf_svm,1.0
rag,2,1,rf,0.9722222222222222
rag,2,1,1nn,0.9444444444444444
rag,2,1,linear_svm,0.9722222222222222
rag,2,1,rbf_svm,0.9722222222222222
rag,2,2,rf,0.6944444444444444
rag,2,2,1nn,0.7777777777777778
rag,2,2,linear_svm,0.9166666666666666
rag,2,2,rbf_svm,0.8888888888888888
rag,2,3,rf,0.9444444444444444
rag,2,3,1nn,0.9722222222222222
rag,2,3,linear_svm,0.8611111111111112
rag,2,3,rbf_svm,1.0
rag,2,4,rf,0.8055555555555556
rag,2,4,1nn,0.8055555555555556
rag,2,4,linear_svm,0.8055555555555556
rag,2,4,rbf_svm,0.8055555555555556
rag,2,5,rf,0.9444444444444444
rag,2,5,1nn,0.8888888888888888
rag,2,5,linear_svm,0.8055555555555556
rag,2,5,rbf_svm,0.9722222222222222
rag,2,6,rf,1.0
rag,2,6,1nn,1.0
rag,2,6,linear_svm,1.0
rag,2,6,rbf_svm,1.0
rag,2,7,rf,0.7777777777777778
rag,2,7,1nn,0.7222222222222222
rag,2,7,linear_svm,0.7777777777777778
rag,2,7,rbf_svm,0.8333333333333334
rag,2,8,rf,0.8611111111111112
rag,2,8,1nn,0.8333333333333334
rag,2,8,linear_svm,0.8888888888888888
rag,2,8,rbf_svm,0.8888888888888888
rag,2,9,rf,0.8888888888888888
rag,2,9,1nn,0.9444444444444444
rag,2,9,linear_svm,0.9166666666666666
rag,2,9,rbf_svm,0.9722222222222222
rag,2,10,rf,0.9722222222222222
rag,2,10,1nn,0.9722222222222222
rag,2,10,linear_svm,0.8055555555555556
rag,2,10,rbf_svm,0.9722222222222222
rag,2,11,rf,0.9444444444444444
rag,2,11,1nn,0.9444444444444444
rag,2,11,linear_svm,0.9166666666666666
rag,2,11,rbf_svm,0.9444444444444444
rag,2,12,rf,1.0
rag,2,12,1nn,1.0
rag,2,12,linear_svm,1.0
rag,2,12,rbf_svm,1.0
rag,2,13,rf,0.8333333333333334
rag,2,13,1nn,0.7777777777777778
rag,2,13,linear_svm,0.8055555555555556
rag,2,13,rbf_svm,0.8333333333333334
rag,2,14,rf,0.9166666666666666
rag,2,14,1nn,0.9166666666666666
rag,2,14,linear_svm,0.8888888888888888
rag,2,14,rbf_svm,0.9444444444444444
rag,2,15,rf,0.8611111111111112
rag,2,15,1nn,0.7777777777777778
rag,2,15,linear_svm,0.8611111111111112
rag,2,15,rbf_svm,0.9166666666666666
rag,2,16,rf,0.9166666666666666
rag,2,16,1nn,0.9722222222222222
rag,2,16,linear_svm,0.8888888888888888
rag,2,16,rbf_svm,0.9444444444444444
rag,2,17,rf,1.0
rag,2,17,1nn,1.0
rag,2,17,linear_svm,1.0
rag,2,17,rbf_svm,1.0
rag,2,18,rf,0.9166666666666666
rag,2,18,1nn,0.8611111111111112
rag,2,18,linear_svm,0.8333333333333334
rag,2,18,rbf_svm,0.8611111111111112
rag,2,19,rf,0.9722222222222222
rag,2,19,1nn,0.9722222222222222
rag,2,19,linear_svm,0.9722222222222222
rag,2,19,rbf_svm,0.9722222222222222
rag,2,20,rf,0.6111111111111112
rag,2,20,1nn,0.6111111111111112
rag,2,20,linear_svm,0.7777777777777778
rag,2,20,rbf_svm,0.6944444444444444
rag,2,21,rf,1.0
rag,2,21,1nn,1.0
rag,2,21,linear_svm,0.8611111111111112
rag,2,21,rbf_svm,0.8611111111111112
rag,2,22,rf,0.8888888888888888
rag,2,22,1nn,1.0
rag,2,22,linear_svm,0.8888888888888888
rag,2,22,rbf_svm,1.0
rag,2,23,rf,0.6944444444444444
rag,2,23,1nn,0.7222222222222222
rag,2,23,linear_svm,0.8055555555555556
rag,2,23,rbf_svm,0.75
rag,2,24,rf,0.9722222222222222
rag,2,24,1nn,1.0
rag,2,24,linear_svm,1.0
rag,2,24,rbf_svm,1.0
rag,2,25,rf,0.9722222222222222
rag,2,25,1nn,1.0
rag,2,25,linear_svm,0.9722222222222222
rag,2,25,rbf_svm,1.0
rag,2,26,rf,1.0
rag,2,26,1nn,1.0
rag,2,26,linear_svm,0.9722222222222222
rag,2,26,rbf_svm,1.0
rag,2,27,rf,0.9166666666666666
rag,2,27,1nn,0.9166666666666666
rag,2,27,linear_svm,0.8888888888888888
rag,2,27,rbf_svm,1.0
rag,2,28,rf,0.9444444444444444
rag,2,28,1nn,0.8611111111111112
rag,2,28,linear_svm,0.75
rag,2,28,rbf_svm,0.9166666666666666
rag,2,29,rf,0.9166666666666666
rag,2,29,1nn,1.0
rag,2,29,linear_svm,0.8333333333333334
rag,2,29,rbf_svm,1.0
rag,2,30,rf,0.9722222222222222
rag,2,30,1nn,0.9722222222222222
rag,2,30,linear_svm,0.8888888888888888
rag,2,30,rbf_svm,0.9722222222222222
rag,2,31,rf,0.6111111111111112
rag,2,31,1nn,0.6944444444444444
rag,2,31,linear_svm,0.6111111111111112
rag,2,31,rbf_svm,0.7222222222222222
rag,2,32,rf,0.75
rag,2,32,1nn,0.6666666666666666
rag,2,32,linear_svm,0.75
rag,2,32,rbf_svm,0.7777777777777778
rag,2,33,rf,0.9166666666666666
rag,2,33,1nn,0.9166666666666666
rag,2,33,linear_svm,0.7777777777777778
rag,2,33,rbf_svm,0.9166666666666666
rag,2,34,rf,0.6944444444444444
rag,2,34,1nn,0.7777777777777778
rag,2,34,linear_svm,0.7222222222222222
rag,2,34,rbf_svm,0.8055555555555556
rag,2,35,rf,0.75
rag,2,35,1nn,0.9444444444444444
rag,2,35,linear_svm,0.8611111111111112
rag,2,35,rbf_svm,0.9444444444444444
rag,2,36,rf,0.9722222222222222
rag,2,36,1nn,1.0
rag,2,36,linear_svm,0.9722222222222222
rag,2,36,rbf_svm,0.9722222222222222
rag,2,37,rf,0.8888888888888888
rag,2,37,1nn,0.8888888888888888
rag,2,37,linear_svm,0.8333333333333334
rag,2,37,rbf_svm,0.9444444444444444
rag,2,38,rf,0.9166666666666666
rag,2,38,1nn,0.9166666666666666
rag,2,38,linear_svm,0.9444444444444444
rag,2,38,rbf_svm,0.9444444444444444
rag,2,39,rf,0.9722222222222222
rag,2,39,1nn,1.0
rag,2,39,linear_svm,0.9722222222222222
rag,2,39,rbf_svm,1.0
rag,2,40,rf,0.7777777777777778
rag,2,40,1nn,0.7222222222222222
rag,2,40,linear_svm,0.8333333333333334
rag,2,40,rbf_svm,0.8611111111111112
rag,2,41,rf,0.8611111111111112
rag,2,41,1nn,0.9166666666666666
rag,2,41,linear_svm,0.8333333333333334
rag,2,41,rbf_svm,0.8888888888888888
rag,2,42,rf,0.8333333333333334
rag,2,42,1nn,0.9166666666666666
rag,2,42,linear_svm,0.75
rag,2,42,rbf_svm,0.7777777777777778
rag,2,43,rf,0.8888888888888888
rag,2,43,1nn,1.0
rag,2,43,linear_svm,0.7777777777777778
rag,2,43,rbf_svm,0.9722222222222222
rag,2,44,rf,0.9166666666666666
rag,2,44,1nn,0.9722222222222222
rag,2,44,linear_svm,0.9444444444444444
rag,2,44,rbf_svm,0.9444444444444444
rag,2,45,rf,1.0
rag,2,45,1nn,1.0
rag,2,45,linear_svm,1.0
rag,2,45,rbf_svm,1.0
rag,2,46,rf,0.9444444444444444
rag,2,46,1nn,0.9444444444444444
rag,2,46,linear_svm,0.9166666666666666
rag,2,46,rbf_svm,0.9444444444444444
rag,2,47,rf,0.7777777777777778
rag,2,47,1nn,0.7777777777777778
rag,2,47,linear_svm,0.8333333333333334
rag,2,47,rbf_svm,0.8333333333333334
rag,2,48,rf,0.6666666666666666
rag,2,48,1nn,0.6666666666666666
rag,2,48,linear_svm,0.75
rag,2,48,rbf_svm,0.75
rag,2,49,rf,0.8888888888888888
rag,2,49,1nn,0.8333333333333334
rag,2,49,linear_svm,0.8611111111111112
rag,2,49,rbf_svm,0.8611111111111112
rag,5,0,rf,1.0
rag,5,0,1nn,1.0
rag,5,0,linear_svm,0.9722222222222222
rag,5,0,rbf_svm,0.9722222222222222
rag,5,1,rf,0.9722222222222222
rag,5,1,1nn,1.0
rag,5,1,linear_svm,1.0
rag,5,1,rbf_svm,1.0
rag,5,2,rf,1.0
rag,5,2,1nn,0.9722222222222222
rag,5,2,linear_svm,0.9722222222222222
rag,5,2,rbf_svm,1.0
rag,5,3,rf,0.9722222222222222
rag,5,3,1nn,1.0
rag,5,3,linear_svm,1.0
rag,5,3,rbf_svm,1.0
rag,5,4,rf,0.9722222222222222
rag,5,4,1nn,1.0
rag,5,4,linear_svm,1.0
rag,5,4,rbf_svm,1.0
rag,5,5,rf,0.8888888888888888
rag,5,5,1nn,1.0
rag,5,5,linear_svm,1.0
rag,5,5,rbf_svm,1.0
rag,5,6,rf,0.9444444444444444
rag,5,6,1nn,1.0
rag,5,6,linear_svm,1.0
rag,5,6,rbf_svm,1.0
rag,5,7,rf,1.0
rag,5,7,1nn,0.9722222222222222
rag,5,7,linear_svm,1.0
rag,5,7,rbf_svm,1.0
rag,5,8,rf,0.9722222222222222
rag,5,8,1nn,1.0
rag,5,8,linear_svm,1.0
rag,5,8,rbf_svm,1.0
rag,5,9,rf,0.8611111111111112
rag,5,9,1nn,0.8888888888888888
rag,5,9,linear_svm,0.9166666666666666
rag,5,9,rbf_svm,0.8888888888888888
rag,5,10,rf,1.0
rag,5,10,1nn,1.0
rag,5,10,linear_svm,1.0
rag,5,10,rbf_svm,1.0
rag,5,11,rf,0.9444444444444444
rag,5,11,1nn,1.0
rag,5,11,linear_svm,1.0
rag,5,11,rbf_svm,0.9722222222222222
rag,5,12,rf,0.8611111111111112
rag,5,12,1nn,0.9444444444444444
rag,5,12,linear_svm,0.8055555555555556
rag,5,12,rbf_svm,0.9166666666666666
rag,5,13,rf,0.8611111111111112
rag,5,13,1nn,0.8611111111111112
rag,5,13,linear_svm,0.8888888888888888
rag,5,13,rbf_svm,0.8888888888888888
rag,5,14,rf,1.0
rag,5,14,1nn,1.0
rag,5,14,linear_svm,1.0
rag,5,14,rbf_svm,1.0
rag,5,15,rf,0.8611111111111112
rag,5,15,1nn,1.0
rag,5,15,linear_svm,0.9722222222222222
rag,5,15,rbf_svm,1.0
rag,5,16,rf,0.8611111111111112
rag,5,16,1nn,0.8888888888888888
rag,5,16,linear_svm,0.8611111111111112
rag,5,16,rbf_svm,0.8611111111111112
rag,5,17,rf,0.8333333333333334
rag,5,17,1nn,0.8055555555555556
rag,5,17,linear_svm,0.8055555555555556
rag,5,17,rbf_svm,0.8611111111111112
rag,5,18,rf,1.0
rag,5,18,1nn,0.9722222222222222
rag,5,18,linear_svm,1.0
rag,5,18,rbf_svm,1.0
rag,5,19,rf,0.9722222222222222
rag,5,19,1nn,0.9444444444444444
rag,5,19,linear_svm,0.9722222222222222
rag,5,19,rbf_svm,0.9722222222222222
rag,5,20,rf,0.9166666666666666
rag,5,20,1nn,1.0
rag,5,20,linear_svm,1.0
rag,5,20,rbf_svm,1.0
rag,5,21,rf,0.9722222222222222
rag,5,21,1nn,0.9722222222222222
rag,5,21,linear_svm,0.9722222222222222
rag,5,21,rbf_svm,1.0
rag,5,22,rf,1.0
rag,5,22,1nn,1.0
rag,5,22,linear_svm,1.0
rag,5,22,rbf_svm,1.0
rag,5,23,rf,0.9444444444444444
rag,5,23,1nn,0.9722222222222222
rag,5,23,linear_svm,0.8888888888888888
rag,5,23,rbf_svm,1.0
rag,5,24,rf,1.0
rag,5,24,1nn,1.0
rag,5,24,linear_svm,1.0
rag,5,24,rbf_svm,1.0
rag,5,25,rf,1.0
rag,5,25,1nn,1.0
rag,5,25,linear_svm,1.0
rag,5,25,rbf_svm,1.0
rag,5,26,rf,1.0
rag,5,26,1nn,1.0
rag,5,26,linear_svm,0.9444444444444444
rag,5,26,rbf_svm,1.0
rag,5,27,rf,0.8888888888888888
rag,5,27,1nn,0.9444444444444444
rag,5,27,linear_svm,0.9444444444444444
rag,5,27,rbf_svm,0.9444444444444444
rag,5,28,rf,0.9722222222222222
rag,5,28,1nn,0.9444444444444444
rag,5,28,linear_svm,0.9722222222222222
rag,5,28,rbf_svm,0.9722222222222222
rag,5,29,rf,1.0
rag,5,29,1nn,1.0
rag,5,29,linear_svm,1.0
rag,5,29,rbf_svm,1.0
rag,5,30,rf,1.0
rag,5,30,1nn,1.0
rag,5,30,linear_svm,0.9722222222222222
rag,5,30,rbf_svm,0.9722222222222222
rag,5,31,rf,0.9722222222222222
rag,5,31,1nn,0.9722222222222222
rag,5,31,linear_svm,0.9722222222222222
rag,5,31,rbf_svm,1.0
rag,5,32,rf,1.0
rag,5,32,1nn,1.0
rag,5,32,linear_svm,1.0
rag,5,32,rbf_svm,1.0
rag,5,33,rf,1.0
rag,5,33,1nn,1.0
rag,5,33,linear_svm,1.0
rag,5,33,rbf_svm,1.0
rag,5,34,rf,1.0
rag,5,34,1nn,1.0
rag,5,34,linear_svm,1.0
rag,5,34,rbf_svm,1.0
rag,5,35,rf,0.8055555555555556
rag,5,35,1nn,0.8611111111111112
rag,5,35,linear_svm,0.8888888888888888
rag,5,35,rbf_svm,0.8888888888888888
rag,5,36,rf,0.9166666666666666
rag,5,36,1nn,0.9722222222222222
rag,5,36,linear_svm,1.0
rag,5,36,rbf_svm,1.0
rag,5,37,rf,0.9166666666666666
rag,5,37,1nn,0.9722222222222222
rag,5,37,linear_svm,1.0
rag,5,37,rbf_svm,1.0
rag,5,38,rf,1.0
rag,5,38,1nn,1.0
rag,5,38,linear_svm,1.0
rag,5,38,rbf_svm,1.0
rag,5,39,rf,0.9722222222222222
rag,5,39,1nn,0.9722222222222222
rag,5,39,linear_svm,1.0
rag,5,39,rbf_svm,1.0
rag,5,40,rf,1.0
rag,5,40,1nn,1.0
rag,5,40,linear_svm,1.0
rag,5,40,rbf_svm,1.0
rag,5,41,rf,0.9444444444444444
rag,5,41,1nn,0.9166666666666666
rag,5,41,linear_svm,1.0
rag,5,41,rbf_svm,1.0
rag,5,42,rf,0.8333333333333334
rag,5,42,1nn,0.8888888888888888
rag,5,42,linear_svm,0.8333333333333334
rag,5,42,rbf_svm,0.9166666666666666
rag,5,43,rf,1.0
rag,5,43,1nn,1.0
rag,5,43,linear_svm,1.0
rag,5,43,rbf_svm,1.0
rag,5,44,rf,0.9722222222222222
rag,5,44,1nn,0.9722222222222222
rag,5,44,linear_svm,0.8888888888888888
rag,5,44,rbf_svm,0.9722222222222222
rag,5,45,rf,0.8611111111111112
rag,5,45,1nn,0.8055555555555556
rag,5,45,linear_svm,0.8333333333333334
rag,5,45,rbf_svm,0.9166666666666666
rag,5,46,rf,1.0
rag,5,46,1nn,1.0
rag,5,46,linear_svm,0.9722222222222222
rag,5,46,rbf_svm,1.0
rag,5,47,rf,1.0
rag,5,47,1nn,1.0
rag,5,47,linear_svm,1.0
rag,5,47,rbf_svm,1.0
rag,5,48,rf,0.9722222222222222
rag,5,48,1nn,0.9722222222222222
rag,5,48,linear_svm,0.9166666666666666
rag,5,48,rbf_svm,0.9722222222222222
rag,5,49,rf,1.0
rag,5,49,1nn,1.0
rag,5,49,linear_svm,1.0
rag,5,49,rbf_svm,1.0
rag,10,0,rf,1.0
rag,10,0,1nn,1.0
rag,10,0,linear_svm,1.0
rag,10,0,rbf_svm,1.0
rag,10,1,rf,1.0
rag,10,1,1nn,1.0
rag,10,1,linear_svm,1.0
rag,10,1,rbf_svm,1.0
rag,10,2,rf,1.0
rag,10,2,1nn,1.0
rag,10,2,linear_svm,1.0
rag,10,2,rbf_svm,1.0
rag,10,3,rf,1.0
rag,10,3,1nn,0.9722222222222222
rag,10,3,linear_svm,1.0
rag,10,3,rbf_svm,1.0
rag,10,4,rf,0.9444444444444444
rag,10,4,1nn,0.9444444444444444
rag,10,4,linear_svm,0.9444444444444444
rag,10,4,rbf_svm,0.9444444444444444
rag,10,5,rf,1.0
rag,10,5,1nn,1.0
rag,10,5,linear_svm,1.0
rag,10,5,rbf_svm,1.0
rag,10,6,rf,1.0
rag,10,6,1nn,1.0
rag,10,6,linear_svm,1.0
rag,10,6,rbf_svm,1.0
rag,10,7,rf,1.0
rag,10,7,1nn,1.0
rag,10,7,linear_svm,1.0
rag,10,7,rbf_svm,1.0
rag,10,8,rf,1.0
rag,10,8,1nn,1.0
rag,10,8,linear_svm,1.0
rag,10,8,rbf_svm,1.0
rag,10,9,rf,1.0
rag,10,9,1nn,1.0
rag,10,9,linear_svm,1.0
rag,10,9,rbf_svm,1.0
rag,10,10,rf,1.0
rag,10,10,1nn,1.0
rag,10,10,linear_svm,1.0
rag,10,10,rbf_svm,1.0
rag,10,11,rf,1.0
rag,10,11,1nn,1.0
rag,10,11,linear_svm,1.0
rag,10,11,rbf_svm,1.0
rag,10,12,rf,1.0
rag,10,12,1nn,1.0
rag,10,12,linear_svm,1.0
rag,10,12,rbf_svm,1.0
rag,10,13,rf,0.9722222222222222
rag,10,13,1nn,0.9722222222222222
rag,10,13,linear_svm,0.9722222222222222
rag,10,13,rbf_svm,0.9722222222222222
rag,10,14,rf,1.0
rag,10,14,1nn,1.0
rag,10,14,linear_svm,1.0
rag,10,14,rbf_svm,1.0
rag,10,15,rf,1.0
rag,10,15,1nn,1.0
rag,10,15,linear_svm,1.0
rag,10,15,rbf_svm,1.0
rag,10,16,rf,0.8888888888888888
rag,10,16,1nn,0.9722222222222222
rag,10,16,linear_svm,0.9722222222222222
rag,10,16,rbf_svm,1.0
rag,10,17,rf,0.9722222222222222
rag,10,17,1nn,1.0
rag,10,17,linear_svm,1.0
rag,10,17,rbf_svm,1.0
rag,10,18,rf,1.0
rag,10,18,1nn,1.0
rag,10,18,linear_svm,1.0
rag,10,18,rbf_svm,1.0
rag,10,19,rf,1.0
rag,10,19,1nn,1.0
rag,10,19,linear_svm,1.0
rag,10,19,rbf_svm,1.0
rag,10,20,rf,1.0
rag,10,20,1nn,0.9722222222222222
rag,10,20,linear_svm,1.0
rag,10,20,rbf_svm,1.0
rag,10,21,rf,1.0
rag,10,21,1nn,1.0
rag,10,21,linear_svm,1.0
rag,10,21,rbf_svm,1.0
rag,10,22,rf,1.0
rag,10,22,1nn,1.0
rag,10,22,linear_svm,1.0
rag,10,22,rbf_svm,1.0
rag,10,23,rf,1.0
rag,10,23,1nn,0.9722222222222222
rag,10,23,linear_svm,1.0
rag,10,23,rbf_svm,1.0
rag,10,24,rf,1.0
rag,10,24,1nn,1.0
rag,10,24,linear_svm,0.9722222222222222
rag,10,24,rbf_svm,1.0
rag,10,25,rf,0.9444444444444444
rag,10,25,1nn,1.0
rag,10,25,linear_svm,1.0
rag,10,25,rbf_svm,1.0
rag,10,26,rf,1.0
rag,10,26,1nn,1.0
rag,10,26,linear_svm,1.0
rag,10,26,rbf_svm,1.0
rag,10,27,rf,1.0
rag,10,27,1nn,1.0
rag,10,27,linear_svm,1.0
rag,10,27,rbf_svm,1.0
rag,10,28,rf,0.9444444444444444
rag,10,28,1nn,1.0
rag,10,28,linear_svm,1.0
rag,10,28,rbf_svm,1.0
rag,10,29,rf,1.0
rag,10,29,1nn,1.0
rag,10,29,linear_svm,1.0
rag,10,29,rbf_svm,1.0
rag,10,30,rf,1.0
rag,10,30,1nn,1.0
rag,10,30,linear_svm,1.0
rag,10,30,rbf_svm,1.0
rag,10,31,rf,1.0
rag,10,31,1nn,1.0
rag,10,31,linear_svm,1.0
rag,10,31,rbf_svm,1.0
rag,10,32,rf,1.0
rag,10,32,1nn,1.0
rag,10,32,linear_svm,1.0
rag,10,32,rbf_svm,1.0
rag,10,33,rf,0.9722222222222222
rag,10,33,1nn,1.0
rag,10,33,linear_svm,1.0
rag,10,33,rbf_svm,1.0
rag,10,34,rf,1.0
rag,10,34,1nn,1.0
rag,10,34,linear_svm,1.0
rag,10,34,rbf_svm,1.0
rag,10,35,rf,0.8055555555555556
rag,10,35,1nn,0.8333333333333334
rag,10,35,linear_svm,0.8888888888888888
rag,10,35,rbf_svm,0.8611111111111112
rag,10,36,rf,1.0
rag,10,36,1nn,0.9722222222222222
rag,10,36,linear_svm,1.0
rag,10,36,rbf_svm,1.0
rag,10,37,rf,1.0
rag,10,37,1nn,1.0
rag,10,37,linear_svm,1.0
rag,10,37,rbf_svm,1.0
rag,10,38,rf,1.0
rag,10,38,1nn,1.0
rag,10,38,linear_svm,1.0
rag,10,38,rbf_svm,1.0
rag,10,39,rf,1.0
rag,10,39,1nn,1.0
rag,10,39,linear_svm,1.0
rag,10,39,rbf_svm,1.0
rag,10,40,rf,1.0
rag,10,40,1nn,1.0
rag,10,40,linear_svm,1.0
rag,10,40,rbf_svm,1.0
rag,10,41,rf,1.0
rag,10,41,1nn,1.0
rag,10,41,linear_svm,0.9722222222222222
rag,10,41,rbf_svm,1.0
rag,10,42,rf,1.0
rag,10,42,1nn,1.0
rag,10,42,linear_svm,1.0
rag,10,42,rbf_svm,1.0
rag,10,43,rf,1.0
rag,10,43,1nn,1.0
rag,10,43,linear_svm,1.0
rag,10,43,rbf_svm,1.0
rag,10,44,rf,1.0
rag,10,44,1nn,1.0
rag,10,44,linear_svm,1.0
rag,10,44,rbf_svm,1.0
rag,10,45,rf,1.0
rag,10,45,1nn,1.0
rag,10,45,linear_svm,1.0
rag,10,45,rbf_svm,1.0
rag,10,46,rf,0.9722222222222222
rag,10,46,1nn,0.9722222222222222
rag,10,46,linear_svm,0.9722222222222222
rag,10,46,rbf_svm,0.9722222222222222
rag,10,47,rf,1.0
rag,10,47,1nn,1.0
rag,10,47,linear_svm,1.0
rag,10,47,rbf_svm,1.0
rag,10,48,rf,1.0
rag,10,48,1nn,1.0
rag,10,48,linear_svm,1.0
rag,10,48,rbf_svm,1.0
rag,10,49,rf,1.0
rag,10,49,1nn,1.0
rag,10,49,linear_svm,1.0
rag,10,49,rbf_svm,1.0
rag,25,0,rf,1.0
rag,25,0,1nn,1.0
rag,25,0,linear_svm,1.0
rag,25,0,rbf_svm,1.0
rag,25,1,rf,1.0
rag,25,1,1nn,1.0
rag,25,1,linear_svm,1.0
rag,25,1,rbf_svm,1.0
rag,25,2,rf,1.0
rag,25,2,1nn,1.0
rag,25,2,linear_svm,1.0
rag,25,2,rbf_svm,1.0
rag,25,3,rf,1.0
rag,25,3,1nn,1.0
rag,25,3,linear_svm,1.0
rag,25,3,rbf_svm,1.0
rag,25,4,rf,1.0
rag,25,4,1nn,1.0
rag,25,4,linear_svm,1.0
rag,25,4,rbf_svm,1.0
rag,25,5,rf,1.0
rag,25,5,1nn,1.0
rag,25,5,linear_svm,1.0
rag,25,5,rbf_svm,1.0
rag,25,6,rf,1.0
rag,25,6,1nn,1.0
rag,25,6,linear_svm,1.0
rag,25,6,rbf_svm,1.0
rag,25,7,rf,1.0
rag,25,7,1nn,1.0
rag,25,7,linear_svm,1.0
rag,25,7,rbf_svm,1.0
rag,25,8,rf,1.0
rag,25,8,1nn,1.0
rag,25,8,linear_svm,1.0
rag,25,8,rbf_svm,1.0
rag,25,9,rf,1.0
rag,25,9,1nn,1.0
rag,25,9,linear_svm,1.0
rag,25,9,rbf_svm,1.0
rag,25,10,rf,1.0
rag,25,10,1nn,1.0
rag,25,10,linear_svm,1.0
rag,25,10,rbf_svm,1.0
rag,25,11,rf,1.0
rag,25,11,1nn,1.0
rag,25,11,linear_svm,1.0
rag,25,11,rbf_svm,1.0
rag,25,12,rf,1.0
rag,25,12,1nn,1.0
rag,25,12,linear_svm,1.0
rag,25,12,rbf_svm,1.0
rag,25,13,rf,1.0
rag,25,13,1nn,1.0
rag,25,13,linear_svm,1.0
rag,25,13,rbf_svm,1.0
rag,25,14,rf,1.0
rag,25,14,1nn,1.0
rag,25,14,linear_svm,1.0
rag,25,14,rbf_svm,1.0
rag,25,15,rf,1.0
rag,25,15,1nn,1.0
rag,25,15,linear_svm,1.0
rag,25,15,rbf_svm,1.0
rag,25,16,rf,1.0
rag,25,16,1nn,1.0
rag,25,16,linear_svm,1.0
rag,25,16,rbf_svm,1.0
rag,25,17,rf,1.0
rag,25,17,1nn,1.0
rag,25,17,linear_svm,1.0
rag,25,17,rbf_svm,1.0
rag,25,18,rf,1.0
rag,25,18,1nn,1.0
rag,25,18,linear_svm,1.0
rag,25,18,rbf_svm,1.0
rag,25,19,rf,1.0
rag,25,19,1nn,1.0
rag,25,19,linear_svm,1.0
rag,25,19,rbf_svm,1.0
rag,25,20,rf,1.0
rag,25,20,1nn,1.0
rag,25,20,linear_svm,1.0
rag,25,20,rbf_svm,1.0
rag,25,21,rf,1.0
rag,25,21,1nn,1.0
rag,25,21,linear_svm,1.0
rag,25,21,rbf_svm,1.0
rag,25,22,rf,1.0
rag,25,22,1nn,1.0
rag,25,22,linear_svm,1.0
rag,25,22,rbf_svm,1.0
rag,25,23,rf,1.0
rag,25,23,1nn,1.0
rag,25,23,linear_svm,1.0
rag,25,23,rbf_svm,1.0
rag,25,24,rf,1.0
rag,25,24,1nn,1.0
rag,25,24,linear_svm,1.0
rag,25,24,rbf_svm,1.0
rag,25,25,rf,0.9722222222222222
rag,25,25,1nn,1.0
rag,25,25,linear_svm,1.0
rag,25,25,rbf_svm,1.0
rag,25,26,rf,1.0
rag,25,26,1nn,1.0
rag,25,26,linear_svm,1.0
rag,25,26,rbf_svm,1.0
rag,25,27,rf,1.0
rag,25,27,1nn,1.0
rag,25,27,linear_svm,1.0
rag,25,27,rbf_svm,1.0
rag,25,28,rf,1.0
rag,25,28,1nn,1.0
rag,25,28,linear_svm,1.0
rag,25,28,rbf_svm,1.0
rag,25,29,rf,1.0
rag,25,29,1nn,1.0
rag,25,29,linear_svm,1.0
rag,25,29,rbf_svm,1.0
rag,25,30,rf,1.0
rag,25,30,1nn,1.0
rag,25,30,linear_svm,1.0
rag,25,30,rbf_svm,1.0
rag,25,31,rf,1.0
rag,25,31,1nn,1.0
rag,25,31,linear_svm,1.0
rag,25,31,rbf_svm,1.0
rag,25,32,rf,1.0
rag,25,32,1nn,1.0
rag,25,32,linear_svm,1.0
rag,25,32,rbf_svm,1.0
rag,25,33,rf,1.0
rag,25,33,1nn,1.0
rag,25,33,linear_svm,1.0
rag,25,33,rbf_svm,1.0
rag,25,34,rf,1.0
rag,25,34,1nn,1.0
rag,25,34,linear_svm,1.0
rag,25,34,rbf_svm,1.0
rag,25,35,rf,1.0
rag,25,35,1nn,1.0
rag,25,35,linear_svm,1.0
rag,25,35,rbf_svm,1.0
rag,25,36,rf,1.0
rag,25,36,1nn,1.0
rag,25,36,linear_svm,1.0
rag,25,36,rbf_svm,1.0
rag,25,37,rf,1.0
rag,25,37,1nn,1.0
rag,25,37,linear_svm,1.0
rag,25,37,rbf_svm,1.0
rag,25,38,rf,1.0
rag,25,38,1nn,1.0
rag,25,38,linear_svm,1.0
rag,25,38,rbf_svm,1.0
rag,25,39,rf,1.0
rag,25,39,1nn,1.0
rag,25,39,linear_svm,1.0
rag,25,39,rbf_svm,1.0
rag,25,40,rf,1.0
rag,25,40,1nn,1.0
rag,25,40,linear_svm,1.0
rag,25,40,rbf_svm,1.0
rag,25,41,rf,1.0
rag,25,41,1nn,1.0
rag,25,41,linear_svm,1.0
rag,25,41,rbf_svm,1.0
rag,25,42,rf,1.0
rag,25,42,1nn,1.0
rag,25,42,linear_svm,1.0
rag,25,42,rbf_svm,1.0
rag,25,43,rf,1.0
rag,25,43,1nn,1.0
rag,25,43,linear_svm,1.0
rag,25,43,rbf_svm,1.0
rag,25,44,rf,1.0
rag,25,44,1nn,1.0
rag,25,44,linear_svm,1.0
rag,25,44,rbf_svm,1.0
rag,25,45,rf,1.0
rag,25,45,1nn,1.0
rag,25,45,linear_svm,1.0
rag,25,45,rbf_svm,1.0
rag,25,46,rf,1.0
rag,25,46,1nn,1.0
rag,25,46,linear_svm,1.0
rag,25,46,rbf_svm,1.0
rag,25,47,rf,1.0
rag,25,47,1nn,1.0
rag,25,47,linear_svm,1.0
rag,25,47,rbf_svm,1.0
rag,25,48,rf,1.0
rag,25,48,1nn,1.0
rag,25,48,linear_svm,1.0
rag,25,48,rbf_svm,1.0
rag,25,49,rf,1.0
rag,25,49,1nn,1.0
rag,25,49,linear_svm,1.0
rag,25,49,rbf_svm,1.0
rag,50,0,rf,1.0
rag,50,0,1nn,1.0
rag,50,0,linear_svm,1.0
rag,50,0,rbf_svm,1.0
rag,50,1,rf,1.0
rag,50,1,1nn,1.0
rag,50,1,linear_svm,1.0
rag,50,1,rbf_svm,1.0
rag,50,2,rf,1.0
rag,50,2,1nn,1.0
rag,50,2,linear_svm,1.0
rag,50,2,rbf_svm,1.0
rag,50,3,rf,1.0
rag,50,3,1nn,1.0
rag,50,3,linear_svm,1.0
rag,50,3,rbf_svm,1.0
rag,50,4,rf,1.0
rag,50,4,1nn,1.0
rag,50,4,linear_svm,1.0
rag,50,4,rbf_svm,1.0
rag,50,5,rf,1.0
rag,50,5,1nn,1.0
rag,50,5,linear_svm,1.0
rag,50,5,rbf_svm,1.0
rag,50,6,rf,1.0
rag,50,6,1nn,1.0
rag,50,6,linear_svm,1.0
rag,50,6,rbf_svm,1.0
rag,50,7,rf,1.0
rag,50,7,1nn,1.0
rag,50,7,linear_svm,1.0
rag,50,7,rbf_svm,1.0
rag,50,8,rf,1.0
rag,50,8,1nn,1.0
rag,50,8,linear_svm,1.0
rag,50,8,rbf_svm,1.0
rag,50,9,rf,1.0
rag,50,9,1nn,1.0
rag,50,9,linear_svm,1.0
rag,50,9,rbf_svm,1.0
rag,50,10,rf,0.9722222222222222
rag,50,10,1nn,1.0
rag,50,10,linear_svm,1.0
rag,50,10,rbf_svm,1.0
rag,50,11,rf,1.0
rag,50,11,1nn,1.0
rag,50,11,linear_svm,1.0
rag,50,11,rbf_svm,1.0
rag,50,12,rf,1.0
rag,50,12,1nn,1.0
rag,50,12,linear_svm,1.0
rag,50,12,rbf_svm,1.0
rag,50,13,rf,1.0
rag,50,13,1nn,1.0
rag,50,13,linear_svm,1.0
rag,50,13,rbf_svm,1.0
rag,50,14,rf,1.0
rag,50,14,1nn,1.0
rag,50,14,linear_svm,1.0
rag,50,14,rbf_svm,1.0
rag,50,15,rf,1.0
rag,50,15,1nn,1.0
rag,50,15,linear_svm,1.0
rag,50,15,rbf_svm,1.0
rag,50,16,rf,1.0
rag,50,16,1nn,1.0
rag,50,16,linear_svm,1.0
rag,50,16,rbf_svm,1.0
rag,50,17,rf,1.0
rag,50,17,1nn,1.0
rag,50,17,linear_svm,1.0
rag,50,17,rbf_svm,1.0
rag,50,18,rf,1.0
rag,50,18,1nn,1.0
rag,50,18,linear_svm,1.0
rag,50,18,rbf_svm,1.0
rag,50,19,rf,1.0
rag,50,19,1nn,1.0
rag,50,19,linear_svm,1.0
rag,50,19,rbf_svm,1.0
rag,50,20,rf,1.0
rag,50,20,1nn,1.0
rag,50,20,linear_svm,1.0
rag,50,20,rbf_svm,1.0
rag,50,21,rf,1.0
rag,50,21,1nn,1.0
rag,50,21,linear_svm,1.0
rag,50,21,rbf_svm,1.0
rag,50,22,rf,1.0
rag,50,22,1nn,1.0
rag,50,22,linear_svm,1.0
rag,50,22,rbf_svm,1.0
rag,50,23,rf,0.9722222222222222
rag,50,23,1nn,1.0
rag,50,23,linear_svm,1.0
rag,50,23,rbf_svm,1.0
rag,50,24,rf,1.0
rag,50,24,1nn,1.0
rag,50,24,linear_svm,1.0
rag,50,24,rbf_svm,1.0
rag,50,25,rf,1.0
rag,50,25,1nn,1.0
rag,50,25,linear_svm,1.0
rag,50,25,rbf_svm,1.0
rag,50,26,rf,1.0
rag,50,26,1nn,1.0
rag,50,26,linear_svm,1.0
rag,50,26,rbf_svm,1.0
rag,50,27,rf,1.0
rag,50,27,1nn,1.0
rag,50,27,linear_svm,1.0
rag,50,27,rbf_svm,1.0
rag,50,28,rf,1.0
rag,50,28,1nn,1.0
rag,50,28,linear_svm,1.0
rag,50,28,rbf_svm,1.0
rag,50,29,rf,1.0
rag,50,29,1nn,1.0
rag,50,29,linear_svm,1.0
rag,50,29,rbf_svm,1.0
rag,50,30,rf,1.0
rag,50,30,1nn,1.0
rag,50,30,linear_svm,1.0
rag,50,30,rbf_svm,1.0
rag,50,31,rf,1.0
rag,50,31,1nn,1.0
rag,50,31,linear_svm,1.0
rag,50,31,rbf_svm,1.0
rag,50,32,rf,1.0
rag,50,32,1nn,1.0
rag,50,32,linear_svm,1.0
rag,50,32,rbf_svm,1.0
rag,50,33,rf,1.0
rag,50,33,1nn,1.0
rag,50,33,linear_svm,1.0
rag,50,33,rbf_svm,1.0
rag,50,34,rf,1.0
rag,50,34,1nn,1.0
rag,50,34,linear_svm,1.0
rag,50,34,rbf_svm,1.0
rag,50,35,rf,1.0
rag,50,35,1nn,1.0
rag,50,35,linear_svm,1.0
rag,50,35,rbf_svm,1.0
rag,50,36,rf,1.0
rag,50,36,1nn,1.0
rag,50,36,linear_svm,1.0
rag,50,36,rbf_svm,1.0
rag,50,37,rf,1.0
rag,50,37,1nn,1.0
rag,50,37,linear_svm,1.0
rag,50,37,rbf_svm,1.0
rag,50,38,rf,1.0
rag,50,38,1nn,1.0
rag,50,38,linear_svm,1.0
rag,50,38,rbf_svm,1.0
rag,50,39,rf,1.0
rag,50,39,1nn,1.0
rag,50,39,linear_svm,1.0
rag,50,39,rbf_svm,1.0
rag,50,40,rf,1.0
rag,50,40,1nn,1.0
rag,50,40,linear_svm,1.0
rag,50,40,rbf_svm,1.0
rag,50,41,rf,1.0
rag,50,41,1nn,1.0
rag,50,41,linear_svm,1.0
rag,50,41,rbf_svm,1.0
rag,50,42,rf,1.0
rag,50,42,1nn,1.0
rag,50,42,linear_svm,1.0
rag,50,42,rbf_svm,1.0
rag,50,43,rf,1.0
rag,50,43,1nn,1.0
rag,50,43,linear_svm,1.0
rag,50,43,rbf_svm,1.0
rag,50,44,rf,1.0
rag,50,44,1nn,1.0
rag,50,44,linear_svm,1.0
rag,50,44,rbf_svm,1.0
rag,50,45,rf,1.0
rag,50,45,1nn,1.0
rag,50,45,linear_svm,1.0
rag,50,45,rbf_svm,1.0
rag,50,46,rf,1.0
rag,50,46,1nn,1.0
rag,50,46,linear_svm,1.0
rag,50,46,rbf_svm,1.0
rag,50,47,rf,1.0
rag,50,47,1nn,1.0
rag,50,47,linear_svm,1.0
rag,50,47,rbf_svm,1.0
rag,50,48,rf,0.9722222222222222
rag,50,48,1nn,1.0
rag,50,48,linear_svm,1.0
rag,50,48,rbf_svm,1.0
rag,50,49,rf,1.0
rag,50,49,1nn,1.0
rag,50,49,linear_svm,1.0
rag,50,49,rbf_svm,1.0
rag,100,0,rf,1.0
rag,100,0,1nn,1.0
rag,100,0,linear_svm,1.0
rag,100,0,rbf_svm,1.0
rag,100,1,rf,1.0
rag,100,1,1nn,1.0
rag,100,1,linear_svm,1.0
rag,100,1,rbf_svm,1.0
rag,100,2,rf,1.0
rag,100,2,1nn,1.0
rag,100,2,linear_svm,1.0
rag,100,2,rbf_svm,1.0
rag,100,3,rf,1.0
rag,100,3,1nn,1.0
rag,100,3,linear_svm,1.0
rag,100,3,rbf_svm,1.0
rag,100,4,rf,1.0
rag,100,4,1nn,1.0
rag,100,4,linear_svm,1.0
rag,100,4,rbf_svm,1.0
rag,100,5,rf,1.0
rag,100,5,1nn,1.0
rag,100,5,linear_svm,1.0
rag,100,5,rbf_svm,1.0
rag,100,6,rf,1.0
rag,100,6,1nn,1.0
rag,100,6,linear_svm,1.0
rag,100,6,rbf_svm,1.0
rag,100,7,rf,1.0
rag,100,7,1nn,1.0
rag,100,7,linear_svm,1.0
rag,100,7,rbf_svm,1.0
rag,100,8,rf,1.0
rag,100,8,1nn,1.0
rag,100,8,linear_svm,1.0
rag,100,8,rbf_svm,1.0
rag,100,9,rf,1.0
rag,100,9,1nn,1.0
rag,100,9,linear_svm,1.0
rag,100,9,rbf_svm,1.0
rag,100,10,rf,0.9722222222222222
rag,100,10,1nn,1.0
rag,100,10,linear_svm,1.0
rag,100,10,rbf_svm,1.0
rag,100,11,rf,1.0
rag,100,11,1nn,1.0
rag,100,11,linear_svm,1.0
rag,100,11,rbf_svm,1.0
rag,100,12,rf,1.0
rag,100,12,1nn,1.0
rag,100,12,linear_svm,1.0
rag,100,12,rbf_svm,1.0
rag,100,13,rf,1.0
rag,100,13,1nn,1.0
rag,100,13,linear_svm,1.0
rag,100,13,rbf_svm,1.0
rag,100,14,rf,1.0
rag,100,14,1nn,1.0
rag,100,14,linear_svm,1.0
rag,100,14,rbf_svm,1.0
rag,100,15,rf,1.0
rag,100,15,1nn,1.0
rag,100,15,linear_svm,1.0
rag,100,15,rbf_svm,1.0
rag,100,16,rf,1.0
rag,100,16,1nn,1.0
rag,100,16,linear_svm,1.0
rag,100,16,rbf_svm,1.0
rag,100,17,rf,1.0
rag,100,17,1nn,1.0
rag,100,17,linear_svm,1.0
rag,100,17,rbf_svm,1.0
rag,100,18,rf,1.0
rag,100,18,1nn,1.0
rag,100,18,linear_svm,1.0
rag,100,18,rbf_svm,1.0
rag,100,19,rf,1.0
rag,100,19,1nn,1.0
rag,100,19,linear_svm,1.0
rag,100,19,rbf_svm,1.0
rag,100,20,rf,1.0
rag,100,20,1nn,1.0
rag,100,20,linear_svm,1.0
rag,100,20,rbf_svm,1.0
rag,100,21,rf,1.0
rag,100,21,1nn,1.0
rag,100,21,linear_svm,1.0
rag,100,21,rbf_svm,1.0
rag,100,22,rf,1.0
rag,100,22,1nn,1.0
rag,100,22,linear_svm,1.0
rag,100,22,rbf_svm,1.0
rag,100,23,rf,1.0
rag,100,23,1nn,1.0
rag,100,23,linear_svm,1.0
rag,100,23,rbf_svm,1.0
rag,100,24,rf,1.0
rag,100,24,1nn,1.0
rag,100,24,linear_svm,1.0
rag,100,24,rbf_svm,1.0
rag,100,25,rf,1.0
rag,100,25,1nn,1.0
rag,100,25,linear_svm,1.0
rag,100,25,rbf_svm,1.0
rag,100,26,rf,1.0
rag,100,26,1nn,1.0
rag,100,26,linear_svm,1.0
rag,100,26,rbf_svm,1.0
rag,100,27,rf,1.0
rag,100,27,1nn,1.0
rag,100,27,linear_svm,1.0
rag,100,27,rbf_svm,1.0
rag,100,28,rf,1.0
rag,100,28,1nn,1.0
rag,100,28,linear_svm,1.0
rag,100,28,rbf_svm,1.0
rag,100,29,rf,1.0
rag,100,29,1nn,1.0
rag,100,29,linear_svm,1.0
rag,100,29,rbf_svm,1.0
rag,100,30,rf,1.0
rag,100,30,1nn,1.0
rag,100,30,linear_svm,1.0
rag,100,30,rbf_svm,1.0
rag,100,31,rf,1.0
rag,100,31,1nn,1.0
rag,100,31,linear_svm,1.0
rag,100,31,rbf_svm,1.0
rag,100,32,rf,1.0
rag,100,32,1nn,1.0
rag,100,32,linear_svm,1.0
rag,100,32,rbf_svm,1.0
rag,100,33,rf,1.0
rag,100,33,1nn,1.0
rag,100,33,linear_svm,1.0
rag,100,33,rbf_svm,1.0
rag,100,34,rf,1.0
rag,100,34,1nn,1.0
rag,100,34,linear_svm,1.0
rag,100,34,rbf_svm,1.0
rag,100,35,rf,1.0
rag,100,35,1nn,1.0
rag,100,35,linear_svm,1.0
rag,100,35,rbf_svm,1.0
rag,100,36,rf,1.0
rag,100,36,1nn,1.0
rag,100,36,linear_svm,1.0
rag,100,36,rbf_svm,1.0
rag,100,37,rf,1.0
rag,100,37,1nn,1.0
rag,100,37,linear_svm,1.0
rag,100,37,rbf_svm,1.0
rag,100,38,rf,1.0
rag,100,38,1nn,1.0
rag,100,38,linear_svm,1.0
rag,100,38,rbf_svm,1.0
rag,100,39,rf,1.0
rag,100,39,1nn,1.0
rag,100,39,linear_svm,1.0
rag,100,39,rbf_svm,1.0
rag,100,40,rf,1.0
rag,100,40,1nn,1.0
rag,100,40,linear_svm,1.0
rag,100,40,rbf_svm,1.0
rag,100,41,rf,1.0
rag,100,41,1nn,1.0
rag,100,41,linear_svm,1.0
rag,100,41,rbf_svm,1.0
rag,100,42,rf,1.0
rag,100,42,1nn,1.0
rag,100,42,linear_svm,1.0
rag,100,42,rbf_svm,1.0
rag,100,43,rf,1.0
rag,100,43,1nn,1.0
rag,100,43,linear_svm,1.0
rag,100,43,rbf_svm,1.0
rag,100,44,rf,1.0
rag,100,44,1nn,1.0
rag,100,44,linear_svm,1.0
rag,100,44,rbf_svm,1.0
rag,100,45,rf,1.0
rag,100,45,1nn,1.0
rag,100,45,linear_svm,1.0
rag,100,45,rbf_svm,1.0
rag,100,46,rf,1.0
rag,100,46,1nn,1.0
rag,100,46,linear_svm,1.0
rag,100,46,rbf_svm,1.0
rag,100,47,rf,1.0
rag,100,47,1nn,1.0
rag,100,47,linear_svm,1.0
rag,100,47,rbf_svm,1.0
rag,100,48,rf,1.0
rag,100,48,1nn,1.0
rag,100,48,linear_svm,1.0
rag,100,48,rbf_svm,1.0
rag,100,49,rf,1.0
rag,100,49,1nn,1.0
rag,100,49,linear_svm,1.0
rag,100,49,rbf_svm,1.0
